--------------------------------------------------------
-- Archivo creado  - martes-marzo-11-2014   
--------------------------------------------------------
--------------------------------------------------------
--  DDL for Table CLIENTES
--------------------------------------------------------

  CREATE TABLE "CLIENTES" ("CODIGOCLIENTE" NUMBER(*,0), "NOMBRECLIENTE" VARCHAR2(50), "NOMCONTACTO" VARCHAR2(30) DEFAULT NULL, "APECONTACTO" VARCHAR2(30) DEFAULT NULL, "TELEFONO" VARCHAR2(15), "LINEADIRECCION" VARCHAR2(50), "CIUDAD" VARCHAR2(50), "PAIS" VARCHAR2(50) DEFAULT NULL, "CODIGOPOSTAL" VARCHAR2(10) DEFAULT NULL, "CODEMPREP" NUMBER(*,0) DEFAULT NULL, "LIMITECREDITO" NUMBER(15,2) DEFAULT NULL) ;
--------------------------------------------------------
--  DDL for Table DETALLEPEDIDOS
--------------------------------------------------------

  CREATE TABLE "DETALLEPEDIDOS" ("CODIGOPEDIDO" NUMBER(*,0), "CODIGOPRODUCTO" VARCHAR2(15), "CANTIDAD" NUMBER(*,0), "PRECIOUNIDAD" NUMBER(15,2), "NUMEROLINEA" NUMBER(*,0)) ;
--------------------------------------------------------
--  DDL for Table EMPLEADOS
--------------------------------------------------------

  CREATE TABLE "EMPLEADOS" ("CODIGOEMPLEADO" NUMBER(*,0), "NOMBRE" VARCHAR2(50), "APELLIDO1" VARCHAR2(50), "APELLIDO2" VARCHAR2(50) DEFAULT NULL, "EXTENSION" VARCHAR2(10), "EMAIL" VARCHAR2(100), "CODIGOOFICINA" VARCHAR2(10), "CODIGOJEFE" NUMBER(*,0) DEFAULT NULL, "PUESTO" VARCHAR2(50) DEFAULT NULL) ;
--------------------------------------------------------
--  DDL for Table GAMASPRODUCTOS
--------------------------------------------------------

  CREATE TABLE "GAMASPRODUCTOS" ("GAMA" VARCHAR2(50), "DESCRIPCIONTEXTO" CLOB, "DESCRIPCIONHTML" CLOB, "IMAGEN" BLOB) ;
--------------------------------------------------------
--  DDL for Table OFICINAS
--------------------------------------------------------

  CREATE TABLE "OFICINAS" ("CODIGOOFICINA" VARCHAR2(10), "CIUDAD" VARCHAR2(30), "PAIS" VARCHAR2(50), "REGION" VARCHAR2(50) DEFAULT NULL, "CODIGOPOSTAL" VARCHAR2(10), "TELEFONO" VARCHAR2(20), "LINEADIRECCION1" VARCHAR2(50), "LINEADIRECCION2" VARCHAR2(50) DEFAULT NULL) ;
--------------------------------------------------------
--  DDL for Table PAGOS
--------------------------------------------------------

  CREATE TABLE "PAGOS" ("CODIGOCLIENTE" NUMBER(*,0), "FORMAPAGO" VARCHAR2(40), "IDTRANSACCION" VARCHAR2(50), "FECHAPAGO" DATE, "CANTIDAD" NUMBER(15,2)) ;
--------------------------------------------------------
--  DDL for Table PEDIDOS
--------------------------------------------------------

  CREATE TABLE "PEDIDOS" ("CODIGOPEDIDO" NUMBER(*,0), "FECHAPEDIDO" DATE, "FECHAESPERADA" DATE, "FECHAENTREGA" DATE DEFAULT NULL, "ESTADO" VARCHAR2(15), "CODIGOCLIENTE" NUMBER(*,0)) ;
--------------------------------------------------------
--  DDL for Table PRODUCTOS
--------------------------------------------------------

  CREATE TABLE "PRODUCTOS" ("CODIGOPRODUCTO" VARCHAR2(15), "NOMBRE" VARCHAR2(70), "GAMA" VARCHAR2(50), "DIMENSIONES" VARCHAR2(25), "PROVEEDOR" VARCHAR2(50) DEFAULT NULL, "CANTIDADENSTOCK" NUMBER(*,0), "PRECIOVENTA" NUMBER(15,2), "PRECIOPROVEEDOR" NUMBER(15,2) DEFAULT NULL) ;
REM INSERTING into CLIENTES
SET DEFINE OFF;
Insert into CLIENTES (CODIGOCLIENTE,NOMBRECLIENTE,NOMCONTACTO,APECONTACTO,TELEFONO,LINEADIRECCION,CIUDAD,PAIS,CODIGOPOSTAL,CODEMPREP,LIMITECREDITO) values ('1','DGPRODUCTIONS GARDEN','Daniel G','GoldFish','5556901745','False Street 52 2 A','San Francisco','USA','24006','19','3000');
Insert into CLIENTES (CODIGOCLIENTE,NOMBRECLIENTE,NOMCONTACTO,APECONTACTO,TELEFONO,LINEADIRECCION,CIUDAD,PAIS,CODIGOPOSTAL,CODEMPREP,LIMITECREDITO) values ('3','Gardening Associates','Anne','Wright','5557410345','Wall-e Avenue','Miami','USA','24010','19','6000');
Insert into CLIENTES (CODIGOCLIENTE,NOMBRECLIENTE,NOMCONTACTO,APECONTACTO,TELEFONO,LINEADIRECCION,CIUDAD,PAIS,CODIGOPOSTAL,CODEMPREP,LIMITECREDITO) values ('4','Gerudo Valley','Link','Flaute','5552323129','Oaks Avenue nº22','New York','USA','85495','22','12000');
Insert into CLIENTES (CODIGOCLIENTE,NOMBRECLIENTE,NOMCONTACTO,APECONTACTO,TELEFONO,LINEADIRECCION,CIUDAD,PAIS,CODIGOPOSTAL,CODEMPREP,LIMITECREDITO) values ('5','Tendo Garden','Akane','Tendo','55591233210','Null Street nº69','Miami','USA','696969','22','600000');
Insert into CLIENTES (CODIGOCLIENTE,NOMBRECLIENTE,NOMCONTACTO,APECONTACTO,TELEFONO,LINEADIRECCION,CIUDAD,PAIS,CODIGOPOSTAL,CODEMPREP,LIMITECREDITO) values ('6','Lasas S.A.','Antonio','Lasas','34916540145','C/Leganes 15','Fuenlabrada','Spain','28945','8','154310');
Insert into CLIENTES (CODIGOCLIENTE,NOMBRECLIENTE,NOMCONTACTO,APECONTACTO,TELEFONO,LINEADIRECCION,CIUDAD,PAIS,CODIGOPOSTAL,CODEMPREP,LIMITECREDITO) values ('7','Beragua','Jose','Bermejo','654987321','C/pintor segundo','Madrid','España','28942','11','20000');
Insert into CLIENTES (CODIGOCLIENTE,NOMBRECLIENTE,NOMCONTACTO,APECONTACTO,TELEFONO,LINEADIRECCION,CIUDAD,PAIS,CODIGOPOSTAL,CODEMPREP,LIMITECREDITO) values ('8','Club Golf Puerta del hierro','Paco','Lopez','62456810','C/sinesio delgado','Madrid','España','28930','11','40000');
Insert into CLIENTES (CODIGOCLIENTE,NOMBRECLIENTE,NOMCONTACTO,APECONTACTO,TELEFONO,LINEADIRECCION,CIUDAD,PAIS,CODIGOPOSTAL,CODEMPREP,LIMITECREDITO) values ('9','Naturagua','Guillermo','Rengifo','689234750','C/majadahonda','Madrid','España','28947','11','32000');
Insert into CLIENTES (CODIGOCLIENTE,NOMBRECLIENTE,NOMCONTACTO,APECONTACTO,TELEFONO,LINEADIRECCION,CIUDAD,PAIS,CODIGOPOSTAL,CODEMPREP,LIMITECREDITO) values ('10','DaraDistribuciones','David','Serrano','675598001','C/azores','Madrid','España','28946','11','50000');
Insert into CLIENTES (CODIGOCLIENTE,NOMBRECLIENTE,NOMCONTACTO,APECONTACTO,TELEFONO,LINEADIRECCION,CIUDAD,PAIS,CODIGOPOSTAL,CODEMPREP,LIMITECREDITO) values ('11','Madrileña de riegos','Jose','Tacato','655983045','C/Lagasca','Madrid','España','28943','11','20000');
Insert into CLIENTES (CODIGOCLIENTE,NOMBRECLIENTE,NOMCONTACTO,APECONTACTO,TELEFONO,LINEADIRECCION,CIUDAD,PAIS,CODIGOPOSTAL,CODEMPREP,LIMITECREDITO) values ('12','Lasas S.A.','Antonio','Lasas','34916540145','C/Leganes 15','Fuenlabrada','Spain','28945','8','154310');
Insert into CLIENTES (CODIGOCLIENTE,NOMBRECLIENTE,NOMCONTACTO,APECONTACTO,TELEFONO,LINEADIRECCION,CIUDAD,PAIS,CODIGOPOSTAL,CODEMPREP,LIMITECREDITO) values ('13','Camunas Jardines S.L.','Pedro','Camunas','34914873241','C/Virgenes 45','San Lorenzo del Escorial','Spain','28145','8','16481');
Insert into CLIENTES (CODIGOCLIENTE,NOMBRECLIENTE,NOMCONTACTO,APECONTACTO,TELEFONO,LINEADIRECCION,CIUDAD,PAIS,CODIGOPOSTAL,CODEMPREP,LIMITECREDITO) values ('14','Dardena S.A.','Juan','Rodriguez','34912453217','C/Nueva York 74','Madrid','Spain','28003','8','321000');
REM INSERTING into DETALLEPEDIDOS
SET DEFINE OFF;
Insert into DETALLEPEDIDOS (CODIGOPEDIDO,CODIGOPRODUCTO,CANTIDAD,PRECIOUNIDAD,NUMEROLINEA) values ('1','FR-67','10','70','3');
Insert into DETALLEPEDIDOS (CODIGOPEDIDO,CODIGOPRODUCTO,CANTIDAD,PRECIOUNIDAD,NUMEROLINEA) values ('1','OR-127','40','4','1');
Insert into DETALLEPEDIDOS (CODIGOPEDIDO,CODIGOPRODUCTO,CANTIDAD,PRECIOUNIDAD,NUMEROLINEA) values ('1','OR-141','25','4','2');
Insert into DETALLEPEDIDOS (CODIGOPEDIDO,CODIGOPRODUCTO,CANTIDAD,PRECIOUNIDAD,NUMEROLINEA) values ('1','OR-241','15','19','4');
Insert into DETALLEPEDIDOS (CODIGOPEDIDO,CODIGOPRODUCTO,CANTIDAD,PRECIOUNIDAD,NUMEROLINEA) values ('1','OR-99','23','14','5');
Insert into DETALLEPEDIDOS (CODIGOPEDIDO,CODIGOPRODUCTO,CANTIDAD,PRECIOUNIDAD,NUMEROLINEA) values ('2','FR-4','3','29','6');
Insert into DETALLEPEDIDOS (CODIGOPEDIDO,CODIGOPRODUCTO,CANTIDAD,PRECIOUNIDAD,NUMEROLINEA) values ('2','FR-40','7','8','7');
Insert into DETALLEPEDIDOS (CODIGOPEDIDO,CODIGOPRODUCTO,CANTIDAD,PRECIOUNIDAD,NUMEROLINEA) values ('2','OR-140','50','4','3');
Insert into DETALLEPEDIDOS (CODIGOPEDIDO,CODIGOPRODUCTO,CANTIDAD,PRECIOUNIDAD,NUMEROLINEA) values ('2','OR-141','20','5','2');
Insert into DETALLEPEDIDOS (CODIGOPEDIDO,CODIGOPRODUCTO,CANTIDAD,PRECIOUNIDAD,NUMEROLINEA) values ('2','OR-159','12','6','5');
Insert into DETALLEPEDIDOS (CODIGOPEDIDO,CODIGOPRODUCTO,CANTIDAD,PRECIOUNIDAD,NUMEROLINEA) values ('2','OR-227','67','64','1');
Insert into DETALLEPEDIDOS (CODIGOPEDIDO,CODIGOPRODUCTO,CANTIDAD,PRECIOUNIDAD,NUMEROLINEA) values ('2','OR-247','5','462','4');
Insert into DETALLEPEDIDOS (CODIGOPEDIDO,CODIGOPRODUCTO,CANTIDAD,PRECIOUNIDAD,NUMEROLINEA) values ('3','FR-48','120','9','6');
Insert into DETALLEPEDIDOS (CODIGOPEDIDO,CODIGOPRODUCTO,CANTIDAD,PRECIOUNIDAD,NUMEROLINEA) values ('3','OR-122','32','5','4');
Insert into DETALLEPEDIDOS (CODIGOPEDIDO,CODIGOPRODUCTO,CANTIDAD,PRECIOUNIDAD,NUMEROLINEA) values ('3','OR-123','11','5','5');
Insert into DETALLEPEDIDOS (CODIGOPEDIDO,CODIGOPRODUCTO,CANTIDAD,PRECIOUNIDAD,NUMEROLINEA) values ('3','OR-213','30','266','1');
Insert into DETALLEPEDIDOS (CODIGOPEDIDO,CODIGOPRODUCTO,CANTIDAD,PRECIOUNIDAD,NUMEROLINEA) values ('3','OR-217','15','65','2');
Insert into DETALLEPEDIDOS (CODIGOPEDIDO,CODIGOPRODUCTO,CANTIDAD,PRECIOUNIDAD,NUMEROLINEA) values ('3','OR-218','24','25','3');
Insert into DETALLEPEDIDOS (CODIGOPEDIDO,CODIGOPRODUCTO,CANTIDAD,PRECIOUNIDAD,NUMEROLINEA) values ('4','FR-31','12','8','7');
Insert into DETALLEPEDIDOS (CODIGOPEDIDO,CODIGOPRODUCTO,CANTIDAD,PRECIOUNIDAD,NUMEROLINEA) values ('4','FR-34','42','8','6');
Insert into DETALLEPEDIDOS (CODIGOPEDIDO,CODIGOPRODUCTO,CANTIDAD,PRECIOUNIDAD,NUMEROLINEA) values ('4','FR-40','42','9','8');
Insert into DETALLEPEDIDOS (CODIGOPEDIDO,CODIGOPRODUCTO,CANTIDAD,PRECIOUNIDAD,NUMEROLINEA) values ('4','OR-152','3','6','5');
Insert into DETALLEPEDIDOS (CODIGOPEDIDO,CODIGOPRODUCTO,CANTIDAD,PRECIOUNIDAD,NUMEROLINEA) values ('4','OR-155','4','6','3');
Insert into DETALLEPEDIDOS (CODIGOPEDIDO,CODIGOPRODUCTO,CANTIDAD,PRECIOUNIDAD,NUMEROLINEA) values ('4','OR-156','17','9','4');
Insert into DETALLEPEDIDOS (CODIGOPEDIDO,CODIGOPRODUCTO,CANTIDAD,PRECIOUNIDAD,NUMEROLINEA) values ('4','OR-157','38','10','2');
Insert into DETALLEPEDIDOS (CODIGOPEDIDO,CODIGOPRODUCTO,CANTIDAD,PRECIOUNIDAD,NUMEROLINEA) values ('4','OR-222','21','59','1');
Insert into DETALLEPEDIDOS (CODIGOPEDIDO,CODIGOPRODUCTO,CANTIDAD,PRECIOUNIDAD,NUMEROLINEA) values ('8','FR-106','3','11','1');
Insert into DETALLEPEDIDOS (CODIGOPEDIDO,CODIGOPRODUCTO,CANTIDAD,PRECIOUNIDAD,NUMEROLINEA) values ('8','FR-108','1','32','2');
Insert into DETALLEPEDIDOS (CODIGOPEDIDO,CODIGOPRODUCTO,CANTIDAD,PRECIOUNIDAD,NUMEROLINEA) values ('8','FR-11','10','100','3');
Insert into DETALLEPEDIDOS (CODIGOPEDIDO,CODIGOPRODUCTO,CANTIDAD,PRECIOUNIDAD,NUMEROLINEA) values ('9','AR-001','80','1','3');
Insert into DETALLEPEDIDOS (CODIGOPEDIDO,CODIGOPRODUCTO,CANTIDAD,PRECIOUNIDAD,NUMEROLINEA) values ('9','AR-008','450','1','4');
Insert into DETALLEPEDIDOS (CODIGOPEDIDO,CODIGOPRODUCTO,CANTIDAD,PRECIOUNIDAD,NUMEROLINEA) values ('9','FR-106','80','8','1');
Insert into DETALLEPEDIDOS (CODIGOPEDIDO,CODIGOPRODUCTO,CANTIDAD,PRECIOUNIDAD,NUMEROLINEA) values ('9','FR-69','15','91','2');
Insert into DETALLEPEDIDOS (CODIGOPEDIDO,CODIGOPRODUCTO,CANTIDAD,PRECIOUNIDAD,NUMEROLINEA) values ('10','FR-82','5','70','2');
Insert into DETALLEPEDIDOS (CODIGOPEDIDO,CODIGOPRODUCTO,CANTIDAD,PRECIOUNIDAD,NUMEROLINEA) values ('10','FR-91','30','75','1');
Insert into DETALLEPEDIDOS (CODIGOPEDIDO,CODIGOPRODUCTO,CANTIDAD,PRECIOUNIDAD,NUMEROLINEA) values ('10','OR-234','5','64','3');
Insert into DETALLEPEDIDOS (CODIGOPEDIDO,CODIGOPRODUCTO,CANTIDAD,PRECIOUNIDAD,NUMEROLINEA) values ('11','AR-006','180','1','2');
Insert into DETALLEPEDIDOS (CODIGOPEDIDO,CODIGOPRODUCTO,CANTIDAD,PRECIOUNIDAD,NUMEROLINEA) values ('11','OR-247','80','8','1');
Insert into DETALLEPEDIDOS (CODIGOPEDIDO,CODIGOPRODUCTO,CANTIDAD,PRECIOUNIDAD,NUMEROLINEA) values ('12','AR-009','290','1','1');
Insert into DETALLEPEDIDOS (CODIGOPEDIDO,CODIGOPRODUCTO,CANTIDAD,PRECIOUNIDAD,NUMEROLINEA) values ('13','11679','5','14','1');
Insert into DETALLEPEDIDOS (CODIGOPEDIDO,CODIGOPRODUCTO,CANTIDAD,PRECIOUNIDAD,NUMEROLINEA) values ('13','21636','12','14','2');
Insert into DETALLEPEDIDOS (CODIGOPEDIDO,CODIGOPRODUCTO,CANTIDAD,PRECIOUNIDAD,NUMEROLINEA) values ('13','FR-11','5','100','3');
Insert into DETALLEPEDIDOS (CODIGOPEDIDO,CODIGOPRODUCTO,CANTIDAD,PRECIOUNIDAD,NUMEROLINEA) values ('14','FR-100','8','11','2');
Insert into DETALLEPEDIDOS (CODIGOPEDIDO,CODIGOPRODUCTO,CANTIDAD,PRECIOUNIDAD,NUMEROLINEA) values ('14','FR-13','13','57','1');
Insert into DETALLEPEDIDOS (CODIGOPEDIDO,CODIGOPRODUCTO,CANTIDAD,PRECIOUNIDAD,NUMEROLINEA) values ('15','FR-84','4','13','3');
Insert into DETALLEPEDIDOS (CODIGOPEDIDO,CODIGOPRODUCTO,CANTIDAD,PRECIOUNIDAD,NUMEROLINEA) values ('15','OR-101','2','6','2');
Insert into DETALLEPEDIDOS (CODIGOPEDIDO,CODIGOPRODUCTO,CANTIDAD,PRECIOUNIDAD,NUMEROLINEA) values ('15','OR-156','6','10','1');
Insert into DETALLEPEDIDOS (CODIGOPEDIDO,CODIGOPRODUCTO,CANTIDAD,PRECIOUNIDAD,NUMEROLINEA) values ('15','OR-203','9','10','4');
Insert into DETALLEPEDIDOS (CODIGOPEDIDO,CODIGOPRODUCTO,CANTIDAD,PRECIOUNIDAD,NUMEROLINEA) values ('16','30310','12','12','1');
Insert into DETALLEPEDIDOS (CODIGOPEDIDO,CODIGOPRODUCTO,CANTIDAD,PRECIOUNIDAD,NUMEROLINEA) values ('16','FR-36','10','9','2');
Insert into DETALLEPEDIDOS (CODIGOPEDIDO,CODIGOPRODUCTO,CANTIDAD,PRECIOUNIDAD,NUMEROLINEA) values ('17','11679','5','14','1');
Insert into DETALLEPEDIDOS (CODIGOPEDIDO,CODIGOPRODUCTO,CANTIDAD,PRECIOUNIDAD,NUMEROLINEA) values ('17','22225','5','12','3');
Insert into DETALLEPEDIDOS (CODIGOPEDIDO,CODIGOPRODUCTO,CANTIDAD,PRECIOUNIDAD,NUMEROLINEA) values ('17','FR-37','5','9','2');
Insert into DETALLEPEDIDOS (CODIGOPEDIDO,CODIGOPRODUCTO,CANTIDAD,PRECIOUNIDAD,NUMEROLINEA) values ('17','FR-64','5','22','4');
Insert into DETALLEPEDIDOS (CODIGOPEDIDO,CODIGOPRODUCTO,CANTIDAD,PRECIOUNIDAD,NUMEROLINEA) values ('17','OR-136','5','18','5');
Insert into DETALLEPEDIDOS (CODIGOPEDIDO,CODIGOPRODUCTO,CANTIDAD,PRECIOUNIDAD,NUMEROLINEA) values ('18','22225','4','12','2');
Insert into DETALLEPEDIDOS (CODIGOPEDIDO,CODIGOPRODUCTO,CANTIDAD,PRECIOUNIDAD,NUMEROLINEA) values ('18','FR-22','2','4','1');
Insert into DETALLEPEDIDOS (CODIGOPEDIDO,CODIGOPRODUCTO,CANTIDAD,PRECIOUNIDAD,NUMEROLINEA) values ('18','OR-159','10','6','3');
Insert into DETALLEPEDIDOS (CODIGOPEDIDO,CODIGOPRODUCTO,CANTIDAD,PRECIOUNIDAD,NUMEROLINEA) values ('19','30310','9','12','5');
Insert into DETALLEPEDIDOS (CODIGOPEDIDO,CODIGOPRODUCTO,CANTIDAD,PRECIOUNIDAD,NUMEROLINEA) values ('19','FR-23','6','8','4');
Insert into DETALLEPEDIDOS (CODIGOPEDIDO,CODIGOPRODUCTO,CANTIDAD,PRECIOUNIDAD,NUMEROLINEA) values ('19','FR-75','1','32','2');
Insert into DETALLEPEDIDOS (CODIGOPEDIDO,CODIGOPRODUCTO,CANTIDAD,PRECIOUNIDAD,NUMEROLINEA) values ('19','FR-84','5','13','1');
Insert into DETALLEPEDIDOS (CODIGOPEDIDO,CODIGOPRODUCTO,CANTIDAD,PRECIOUNIDAD,NUMEROLINEA) values ('19','OR-208','20','4','3');
Insert into DETALLEPEDIDOS (CODIGOPEDIDO,CODIGOPRODUCTO,CANTIDAD,PRECIOUNIDAD,NUMEROLINEA) values ('20','11679','14','14','1');
Insert into DETALLEPEDIDOS (CODIGOPEDIDO,CODIGOPRODUCTO,CANTIDAD,PRECIOUNIDAD,NUMEROLINEA) values ('20','30310','8','12','2');
Insert into DETALLEPEDIDOS (CODIGOPEDIDO,CODIGOPRODUCTO,CANTIDAD,PRECIOUNIDAD,NUMEROLINEA) values ('21','21636','5','14','3');
Insert into DETALLEPEDIDOS (CODIGOPEDIDO,CODIGOPRODUCTO,CANTIDAD,PRECIOUNIDAD,NUMEROLINEA) values ('21','FR-18','22','4','1');
Insert into DETALLEPEDIDOS (CODIGOPEDIDO,CODIGOPRODUCTO,CANTIDAD,PRECIOUNIDAD,NUMEROLINEA) values ('21','FR-53','3','8','2');
Insert into DETALLEPEDIDOS (CODIGOPEDIDO,CODIGOPRODUCTO,CANTIDAD,PRECIOUNIDAD,NUMEROLINEA) values ('22','OR-240','1','6','1');
Insert into DETALLEPEDIDOS (CODIGOPEDIDO,CODIGOPRODUCTO,CANTIDAD,PRECIOUNIDAD,NUMEROLINEA) values ('23','AR-002','110','1','4');
Insert into DETALLEPEDIDOS (CODIGOPEDIDO,CODIGOPRODUCTO,CANTIDAD,PRECIOUNIDAD,NUMEROLINEA) values ('23','FR-107','50','22','3');
Insert into DETALLEPEDIDOS (CODIGOPEDIDO,CODIGOPRODUCTO,CANTIDAD,PRECIOUNIDAD,NUMEROLINEA) values ('23','FR-85','4','70','2');
Insert into DETALLEPEDIDOS (CODIGOPEDIDO,CODIGOPRODUCTO,CANTIDAD,PRECIOUNIDAD,NUMEROLINEA) values ('23','OR-249','30','5','1');
Insert into DETALLEPEDIDOS (CODIGOPEDIDO,CODIGOPRODUCTO,CANTIDAD,PRECIOUNIDAD,NUMEROLINEA) values ('24','22225','3','15','1');
Insert into DETALLEPEDIDOS (CODIGOPEDIDO,CODIGOPRODUCTO,CANTIDAD,PRECIOUNIDAD,NUMEROLINEA) values ('24','FR-1','4','7','4');
Insert into DETALLEPEDIDOS (CODIGOPEDIDO,CODIGOPRODUCTO,CANTIDAD,PRECIOUNIDAD,NUMEROLINEA) values ('24','FR-23','2','7','2');
Insert into DETALLEPEDIDOS (CODIGOPEDIDO,CODIGOPRODUCTO,CANTIDAD,PRECIOUNIDAD,NUMEROLINEA) values ('24','OR-241','10','20','3');
Insert into DETALLEPEDIDOS (CODIGOPEDIDO,CODIGOPRODUCTO,CANTIDAD,PRECIOUNIDAD,NUMEROLINEA) values ('25','FR-77','15','69','1');
Insert into DETALLEPEDIDOS (CODIGOPEDIDO,CODIGOPRODUCTO,CANTIDAD,PRECIOUNIDAD,NUMEROLINEA) values ('25','FR-9','4','30','3');
Insert into DETALLEPEDIDOS (CODIGOPEDIDO,CODIGOPRODUCTO,CANTIDAD,PRECIOUNIDAD,NUMEROLINEA) values ('25','FR-94','10','30','2');
Insert into DETALLEPEDIDOS (CODIGOPEDIDO,CODIGOPRODUCTO,CANTIDAD,PRECIOUNIDAD,NUMEROLINEA) values ('26','FR-15','9','25','3');
Insert into DETALLEPEDIDOS (CODIGOPEDIDO,CODIGOPRODUCTO,CANTIDAD,PRECIOUNIDAD,NUMEROLINEA) values ('26','OR-188','4','25','1');
Insert into DETALLEPEDIDOS (CODIGOPEDIDO,CODIGOPRODUCTO,CANTIDAD,PRECIOUNIDAD,NUMEROLINEA) values ('26','OR-218','14','25','2');
Insert into DETALLEPEDIDOS (CODIGOPEDIDO,CODIGOPRODUCTO,CANTIDAD,PRECIOUNIDAD,NUMEROLINEA) values ('27','OR-101','22','6','2');
Insert into DETALLEPEDIDOS (CODIGOPEDIDO,CODIGOPRODUCTO,CANTIDAD,PRECIOUNIDAD,NUMEROLINEA) values ('27','OR-102','22','6','3');
Insert into DETALLEPEDIDOS (CODIGOPEDIDO,CODIGOPRODUCTO,CANTIDAD,PRECIOUNIDAD,NUMEROLINEA) values ('27','OR-186','40','6','1');
Insert into DETALLEPEDIDOS (CODIGOPEDIDO,CODIGOPRODUCTO,CANTIDAD,PRECIOUNIDAD,NUMEROLINEA) values ('28','FR-11','8','99','3');
Insert into DETALLEPEDIDOS (CODIGOPEDIDO,CODIGOPRODUCTO,CANTIDAD,PRECIOUNIDAD,NUMEROLINEA) values ('28','OR-213','3','266','2');
Insert into DETALLEPEDIDOS (CODIGOPEDIDO,CODIGOPRODUCTO,CANTIDAD,PRECIOUNIDAD,NUMEROLINEA) values ('28','OR-247','1','462','1');
Insert into DETALLEPEDIDOS (CODIGOPEDIDO,CODIGOPRODUCTO,CANTIDAD,PRECIOUNIDAD,NUMEROLINEA) values ('29','FR-82','4','70','4');
Insert into DETALLEPEDIDOS (CODIGOPEDIDO,CODIGOPRODUCTO,CANTIDAD,PRECIOUNIDAD,NUMEROLINEA) values ('29','FR-9','4','28','1');
Insert into DETALLEPEDIDOS (CODIGOPEDIDO,CODIGOPRODUCTO,CANTIDAD,PRECIOUNIDAD,NUMEROLINEA) values ('29','FR-94','20','31','5');
Insert into DETALLEPEDIDOS (CODIGOPEDIDO,CODIGOPRODUCTO,CANTIDAD,PRECIOUNIDAD,NUMEROLINEA) values ('29','OR-129','2','111','2');
Insert into DETALLEPEDIDOS (CODIGOPEDIDO,CODIGOPRODUCTO,CANTIDAD,PRECIOUNIDAD,NUMEROLINEA) values ('29','OR-160','10','9','3');
Insert into DETALLEPEDIDOS (CODIGOPEDIDO,CODIGOPRODUCTO,CANTIDAD,PRECIOUNIDAD,NUMEROLINEA) values ('30','AR-004','10','1','6');
Insert into DETALLEPEDIDOS (CODIGOPEDIDO,CODIGOPRODUCTO,CANTIDAD,PRECIOUNIDAD,NUMEROLINEA) values ('30','FR-108','2','32','2');
Insert into DETALLEPEDIDOS (CODIGOPEDIDO,CODIGOPRODUCTO,CANTIDAD,PRECIOUNIDAD,NUMEROLINEA) values ('30','FR-12','2','19','3');
Insert into DETALLEPEDIDOS (CODIGOPEDIDO,CODIGOPRODUCTO,CANTIDAD,PRECIOUNIDAD,NUMEROLINEA) values ('30','FR-72','4','31','5');
Insert into DETALLEPEDIDOS (CODIGOPEDIDO,CODIGOPRODUCTO,CANTIDAD,PRECIOUNIDAD,NUMEROLINEA) values ('30','FR-89','10','45','1');
Insert into DETALLEPEDIDOS (CODIGOPEDIDO,CODIGOPRODUCTO,CANTIDAD,PRECIOUNIDAD,NUMEROLINEA) values ('30','OR-120','5','5','4');
REM INSERTING into EMPLEADOS
SET DEFINE OFF;
Insert into EMPLEADOS (CODIGOEMPLEADO,NOMBRE,APELLIDO1,APELLIDO2,EXTENSION,EMAIL,CODIGOOFICINA,CODIGOJEFE,PUESTO) values ('1','Marcos','Magaña','Perez','3897','marcos@jardineria.es','TAL-ES',null,'Director General');
Insert into EMPLEADOS (CODIGOEMPLEADO,NOMBRE,APELLIDO1,APELLIDO2,EXTENSION,EMAIL,CODIGOOFICINA,CODIGOJEFE,PUESTO) values ('2','Ruben','López','Martinez','2899','rlopez@jardineria.es','TAL-ES','1','Subdirector Marketing');
Insert into EMPLEADOS (CODIGOEMPLEADO,NOMBRE,APELLIDO1,APELLIDO2,EXTENSION,EMAIL,CODIGOOFICINA,CODIGOJEFE,PUESTO) values ('3','Alberto','Soria','Carrasco','2837','asoria@jardineria.es','TAL-ES','2','Subdirector Ventas');
Insert into EMPLEADOS (CODIGOEMPLEADO,NOMBRE,APELLIDO1,APELLIDO2,EXTENSION,EMAIL,CODIGOOFICINA,CODIGOJEFE,PUESTO) values ('4','Maria','Solís','Jerez','2847','msolis@jardineria.es','TAL-ES','2','Secretaria');
Insert into EMPLEADOS (CODIGOEMPLEADO,NOMBRE,APELLIDO1,APELLIDO2,EXTENSION,EMAIL,CODIGOOFICINA,CODIGOJEFE,PUESTO) values ('5','Felipe','Rosas','Marquez','2844','frosas@jardineria.es','TAL-ES','3','Representante Ventas');
Insert into EMPLEADOS (CODIGOEMPLEADO,NOMBRE,APELLIDO1,APELLIDO2,EXTENSION,EMAIL,CODIGOOFICINA,CODIGOJEFE,PUESTO) values ('6','Juan Carlos','Ortiz','Serrano','2845','cortiz@jardineria.es','TAL-ES','3','Representante Ventas');
Insert into EMPLEADOS (CODIGOEMPLEADO,NOMBRE,APELLIDO1,APELLIDO2,EXTENSION,EMAIL,CODIGOOFICINA,CODIGOJEFE,PUESTO) values ('7','Carlos','Soria','Jimenez','2444','csoria@jardineria.es','MAD-ES','3','Director Oficina');
Insert into EMPLEADOS (CODIGOEMPLEADO,NOMBRE,APELLIDO1,APELLIDO2,EXTENSION,EMAIL,CODIGOOFICINA,CODIGOJEFE,PUESTO) values ('8','Mariano','López','Murcia','2442','mlopez@jardineria.es','MAD-ES','7','Representante Ventas');
Insert into EMPLEADOS (CODIGOEMPLEADO,NOMBRE,APELLIDO1,APELLIDO2,EXTENSION,EMAIL,CODIGOOFICINA,CODIGOJEFE,PUESTO) values ('9','Lucio','Campoamor','Martín','2442','lcampoamor@jardineria.es','MAD-ES','7','Representante Ventas');
Insert into EMPLEADOS (CODIGOEMPLEADO,NOMBRE,APELLIDO1,APELLIDO2,EXTENSION,EMAIL,CODIGOOFICINA,CODIGOJEFE,PUESTO) values ('10','Hilario','Rodriguez','Huertas','2444','hrodriguez@jardineria.es','MAD-ES','7','Representante Ventas');
Insert into EMPLEADOS (CODIGOEMPLEADO,NOMBRE,APELLIDO1,APELLIDO2,EXTENSION,EMAIL,CODIGOOFICINA,CODIGOJEFE,PUESTO) values ('11','Emmanuel','Magaña','Perez','2518','manu@jardineria.es','BCN-ES','3','Director Oficina');
Insert into EMPLEADOS (CODIGOEMPLEADO,NOMBRE,APELLIDO1,APELLIDO2,EXTENSION,EMAIL,CODIGOOFICINA,CODIGOJEFE,PUESTO) values ('12','José Manuel','Martinez','De la Osa','2519','jmmart@hotmail.es','BCN-ES','11','Representante Ventas');
Insert into EMPLEADOS (CODIGOEMPLEADO,NOMBRE,APELLIDO1,APELLIDO2,EXTENSION,EMAIL,CODIGOOFICINA,CODIGOJEFE,PUESTO) values ('13','David','Palma','Aceituno','2519','dpalma@jardineria.es','BCN-ES','11','Representante Ventas');
Insert into EMPLEADOS (CODIGOEMPLEADO,NOMBRE,APELLIDO1,APELLIDO2,EXTENSION,EMAIL,CODIGOOFICINA,CODIGOJEFE,PUESTO) values ('14','Oscar','Palma','Aceituno','2519','opalma@jardineria.es','BCN-ES','11','Representante Ventas');
Insert into EMPLEADOS (CODIGOEMPLEADO,NOMBRE,APELLIDO1,APELLIDO2,EXTENSION,EMAIL,CODIGOOFICINA,CODIGOJEFE,PUESTO) values ('15','Francois','Fignon',null,'9981','ffignon@gardening.com','PAR-FR','3','Director Oficina');
Insert into EMPLEADOS (CODIGOEMPLEADO,NOMBRE,APELLIDO1,APELLIDO2,EXTENSION,EMAIL,CODIGOOFICINA,CODIGOJEFE,PUESTO) values ('16','Lionel','Narvaez',null,'9982','lnarvaez@gardening.com','PAR-FR','15','Representante Ventas');
Insert into EMPLEADOS (CODIGOEMPLEADO,NOMBRE,APELLIDO1,APELLIDO2,EXTENSION,EMAIL,CODIGOOFICINA,CODIGOJEFE,PUESTO) values ('17','Laurent','Serra',null,'9982','lserra@gardening.com','PAR-FR','15','Representante Ventas');
Insert into EMPLEADOS (CODIGOEMPLEADO,NOMBRE,APELLIDO1,APELLIDO2,EXTENSION,EMAIL,CODIGOOFICINA,CODIGOJEFE,PUESTO) values ('18','Michael','Bolton',null,'7454','mbolton@gardening.com','SFC-USA','3','Director Oficina');
Insert into EMPLEADOS (CODIGOEMPLEADO,NOMBRE,APELLIDO1,APELLIDO2,EXTENSION,EMAIL,CODIGOOFICINA,CODIGOJEFE,PUESTO) values ('19','Walter Santiago','Sanchez','Lopez','7454','wssanchez@gardening.com','SFC-USA','18','Representante Ventas');
Insert into EMPLEADOS (CODIGOEMPLEADO,NOMBRE,APELLIDO1,APELLIDO2,EXTENSION,EMAIL,CODIGOOFICINA,CODIGOJEFE,PUESTO) values ('20','Hilary','Washington',null,'7565','hwashington@gardening.com','BOS-USA','3','Director Oficina');
Insert into EMPLEADOS (CODIGOEMPLEADO,NOMBRE,APELLIDO1,APELLIDO2,EXTENSION,EMAIL,CODIGOOFICINA,CODIGOJEFE,PUESTO) values ('21','Marcus','Paxton',null,'7565','mpaxton@gardening.com','BOS-USA','20','Representante Ventas');
Insert into EMPLEADOS (CODIGOEMPLEADO,NOMBRE,APELLIDO1,APELLIDO2,EXTENSION,EMAIL,CODIGOOFICINA,CODIGOJEFE,PUESTO) values ('22','Lorena','Paxton',null,'7665','lpaxton@gardening.com','BOS-USA','20','Representante Ventas');
Insert into EMPLEADOS (CODIGOEMPLEADO,NOMBRE,APELLIDO1,APELLIDO2,EXTENSION,EMAIL,CODIGOOFICINA,CODIGOJEFE,PUESTO) values ('23','Nei','Nishikori',null,'8734','nnishikori@gardening.com','TOK-JP','3','Director Oficina');
Insert into EMPLEADOS (CODIGOEMPLEADO,NOMBRE,APELLIDO1,APELLIDO2,EXTENSION,EMAIL,CODIGOOFICINA,CODIGOJEFE,PUESTO) values ('24','Narumi','Riko',null,'8734','nriko@gardening.com','TOK-JP','23','Representante Ventas');
Insert into EMPLEADOS (CODIGOEMPLEADO,NOMBRE,APELLIDO1,APELLIDO2,EXTENSION,EMAIL,CODIGOOFICINA,CODIGOJEFE,PUESTO) values ('25','Takuma','Nomura',null,'8735','tnomura@gardening.com','TOK-JP','23','Representante Ventas');
Insert into EMPLEADOS (CODIGOEMPLEADO,NOMBRE,APELLIDO1,APELLIDO2,EXTENSION,EMAIL,CODIGOOFICINA,CODIGOJEFE,PUESTO) values ('26','Amy','Johnson',null,'3321','ajohnson@gardening.com','LON-UK','3','Director Oficina');
Insert into EMPLEADOS (CODIGOEMPLEADO,NOMBRE,APELLIDO1,APELLIDO2,EXTENSION,EMAIL,CODIGOOFICINA,CODIGOJEFE,PUESTO) values ('27','Larry','Westfalls',null,'3322','lwestfalls@gardening.com','LON-UK','26','Representante Ventas');
Insert into EMPLEADOS (CODIGOEMPLEADO,NOMBRE,APELLIDO1,APELLIDO2,EXTENSION,EMAIL,CODIGOOFICINA,CODIGOJEFE,PUESTO) values ('28','John','Walton',null,'3322','jwalton@gardening.com','LON-UK','26','Representante Ventas');
Insert into EMPLEADOS (CODIGOEMPLEADO,NOMBRE,APELLIDO1,APELLIDO2,EXTENSION,EMAIL,CODIGOOFICINA,CODIGOJEFE,PUESTO) values ('29','Kevin','Fallmer',null,'3210','kfalmer@gardening.com','SYD-AU','3','Director Oficina');
Insert into EMPLEADOS (CODIGOEMPLEADO,NOMBRE,APELLIDO1,APELLIDO2,EXTENSION,EMAIL,CODIGOOFICINA,CODIGOJEFE,PUESTO) values ('30','Julian','Bellinelli',null,'3211','jbellinelli@gardening.com','SYD-AU','29','Representante Ventas');
Insert into EMPLEADOS (CODIGOEMPLEADO,NOMBRE,APELLIDO1,APELLIDO2,EXTENSION,EMAIL,CODIGOOFICINA,CODIGOJEFE,PUESTO) values ('31','Mariko','Kishi',null,'3211','mkishi@gardening.com','SYD-AU','29','Representante Ventas');
REM INSERTING into GAMASPRODUCTOS
SET DEFINE OFF;
Insert into GAMASPRODUCTOS (GAMA) values ('Aromáticas');
Insert into GAMASPRODUCTOS (GAMA) values ('Frutales');
Insert into GAMASPRODUCTOS (GAMA) values ('Herbaceas');
Insert into GAMASPRODUCTOS (GAMA) values ('Herramientas');
Insert into GAMASPRODUCTOS (GAMA) values ('Ornamentales');
REM INSERTING into OFICINAS
SET DEFINE OFF;
Insert into OFICINAS (CODIGOOFICINA,CIUDAD,PAIS,REGION,CODIGOPOSTAL,TELEFONO,LINEADIRECCION1,LINEADIRECCION2) values ('BCN-ES','Barcelona','España','Barcelona','08019','+34 93 3561182','Avenida Diagonal, 38','3A escalera Derecha');
Insert into OFICINAS (CODIGOOFICINA,CIUDAD,PAIS,REGION,CODIGOPOSTAL,TELEFONO,LINEADIRECCION1,LINEADIRECCION2) values ('BOS-USA','Boston','EEUU','MA','02108','+1 215 837 0825','1550 Court Place','Suite 102');
Insert into OFICINAS (CODIGOOFICINA,CIUDAD,PAIS,REGION,CODIGOPOSTAL,TELEFONO,LINEADIRECCION1,LINEADIRECCION2) values ('LON-UK','Londres','Inglaterra','EMEA','EC2N 1HN','+44 20 78772041','52 Old Broad Street','Ground Floor');
Insert into OFICINAS (CODIGOOFICINA,CIUDAD,PAIS,REGION,CODIGOPOSTAL,TELEFONO,LINEADIRECCION1,LINEADIRECCION2) values ('MAD-ES','Madrid','España','Madrid','28032','+34 91 7514487','Bulevar Indalecio Prieto, 32',null);
Insert into OFICINAS (CODIGOOFICINA,CIUDAD,PAIS,REGION,CODIGOPOSTAL,TELEFONO,LINEADIRECCION1,LINEADIRECCION2) values ('PAR-FR','Paris','Francia','EMEA','75017','+33 14 723 4404','29 Rue Jouffroy d''abbans',null);
Insert into OFICINAS (CODIGOOFICINA,CIUDAD,PAIS,REGION,CODIGOPOSTAL,TELEFONO,LINEADIRECCION1,LINEADIRECCION2) values ('SFC-USA','San Francisco','EEUU','CA','94080','+1 650 219 4782','100 Market Street','Suite 300');
Insert into OFICINAS (CODIGOOFICINA,CIUDAD,PAIS,REGION,CODIGOPOSTAL,TELEFONO,LINEADIRECCION1,LINEADIRECCION2) values ('SYD-AU','Sydney','Australia','APAC','NSW 2010','+61 2 9264 2451','5-11 Wentworth Avenue','Floor 2');
Insert into OFICINAS (CODIGOOFICINA,CIUDAD,PAIS,REGION,CODIGOPOSTAL,TELEFONO,LINEADIRECCION1,LINEADIRECCION2) values ('TAL-ES','Talavera de la Reina','España','Castilla-LaMancha','45632','+34 925 867231','Francisco Aguirre, 32','5º piso (exterior)');
Insert into OFICINAS (CODIGOOFICINA,CIUDAD,PAIS,REGION,CODIGOPOSTAL,TELEFONO,LINEADIRECCION1,LINEADIRECCION2) values ('TOK-JP','Tokyo','Japón','Chiyoda-Ku','102-8578','+81 33 224 5000','4-1 Kioicho',null);
REM INSERTING into PAGOS
SET DEFINE OFF;
Insert into PAGOS (CODIGOCLIENTE,FORMAPAGO,IDTRANSACCION,FECHAPAGO,CANTIDAD) values ('1','PayPal','ak-std-000001',to_date('10/11/11','DD/MM/RR'),'2000');
Insert into PAGOS (CODIGOCLIENTE,FORMAPAGO,IDTRANSACCION,FECHAPAGO,CANTIDAD) values ('1','PayPal','ak-std-000002',to_date('10/12/11','DD/MM/RR'),'2000');
Insert into PAGOS (CODIGOCLIENTE,FORMAPAGO,IDTRANSACCION,FECHAPAGO,CANTIDAD) values ('3','PayPal','ak-std-000003',to_date('16/01/12','DD/MM/RR'),'5000');
Insert into PAGOS (CODIGOCLIENTE,FORMAPAGO,IDTRANSACCION,FECHAPAGO,CANTIDAD) values ('3','PayPal','ak-std-000004',to_date('16/02/12','DD/MM/RR'),'5000');
Insert into PAGOS (CODIGOCLIENTE,FORMAPAGO,IDTRANSACCION,FECHAPAGO,CANTIDAD) values ('3','PayPal','ak-std-000005',to_date('19/02/12','DD/MM/RR'),'926');
Insert into PAGOS (CODIGOCLIENTE,FORMAPAGO,IDTRANSACCION,FECHAPAGO,CANTIDAD) values ('4','PayPal','ak-std-000006',to_date('07/01/10','DD/MM/RR'),'20000');
Insert into PAGOS (CODIGOCLIENTE,FORMAPAGO,IDTRANSACCION,FECHAPAGO,CANTIDAD) values ('4','PayPal','ak-std-000007',to_date('07/01/10','DD/MM/RR'),'20000');
Insert into PAGOS (CODIGOCLIENTE,FORMAPAGO,IDTRANSACCION,FECHAPAGO,CANTIDAD) values ('4','PayPal','ak-std-000008',to_date('07/01/10','DD/MM/RR'),'20000');
Insert into PAGOS (CODIGOCLIENTE,FORMAPAGO,IDTRANSACCION,FECHAPAGO,CANTIDAD) values ('4','PayPal','ak-std-000009',to_date('07/01/10','DD/MM/RR'),'20000');
Insert into PAGOS (CODIGOCLIENTE,FORMAPAGO,IDTRANSACCION,FECHAPAGO,CANTIDAD) values ('4','PayPal','ak-std-000010',to_date('07/01/10','DD/MM/RR'),'1849');
Insert into PAGOS (CODIGOCLIENTE,FORMAPAGO,IDTRANSACCION,FECHAPAGO,CANTIDAD) values ('5','Transferencia','ak-std-000011',to_date('17/01/09','DD/MM/RR'),'23794');
Insert into PAGOS (CODIGOCLIENTE,FORMAPAGO,IDTRANSACCION,FECHAPAGO,CANTIDAD) values ('7','Cheque','ak-std-000012',to_date('13/01/12','DD/MM/RR'),'2390');
Insert into PAGOS (CODIGOCLIENTE,FORMAPAGO,IDTRANSACCION,FECHAPAGO,CANTIDAD) values ('9','PayPal','ak-std-000013',to_date('06/01/12','DD/MM/RR'),'929');
Insert into PAGOS (CODIGOCLIENTE,FORMAPAGO,IDTRANSACCION,FECHAPAGO,CANTIDAD) values ('13','PayPal','ak-std-000014',to_date('04/08/11','DD/MM/RR'),'2246');
Insert into PAGOS (CODIGOCLIENTE,FORMAPAGO,IDTRANSACCION,FECHAPAGO,CANTIDAD) values ('14','PayPal','ak-std-000015',to_date('15/07/11','DD/MM/RR'),'4160');
REM INSERTING into PEDIDOS
SET DEFINE OFF;
Insert into PEDIDOS (CODIGOPEDIDO,FECHAPEDIDO,FECHAESPERADA,FECHAENTREGA,ESTADO,CODIGOCLIENTE) values ('1',to_date('01/05/09','DD/MM/RR'),to_date('03/05/09','DD/MM/RR'),to_date('03/05/09','DD/MM/RR'),'Entregado','5');
Insert into PEDIDOS (CODIGOPEDIDO,FECHAPEDIDO,FECHAESPERADA,FECHAENTREGA,ESTADO,CODIGOCLIENTE) values ('2',to_date('04/02/11','DD/MM/RR'),to_date('09/02/11','DD/MM/RR'),to_date('07/02/11','DD/MM/RR'),'Entregado','5');
Insert into PEDIDOS (CODIGOPEDIDO,FECHAPEDIDO,FECHAESPERADA,FECHAENTREGA,ESTADO,CODIGOCLIENTE) values ('3',to_date('03/10/11','DD/MM/RR'),to_date('08/10/11','DD/MM/RR'),null,'Rechazado','5');
Insert into PEDIDOS (CODIGOPEDIDO,FECHAPEDIDO,FECHAESPERADA,FECHAENTREGA,ESTADO,CODIGOCLIENTE) values ('4',to_date('04/05/12','DD/MM/RR'),to_date('10/05/12','DD/MM/RR'),null,'Pendiente','5');
Insert into PEDIDOS (CODIGOPEDIDO,FECHAPEDIDO,FECHAESPERADA,FECHAENTREGA,ESTADO,CODIGOCLIENTE) values ('8',to_date('22/02/12','DD/MM/RR'),to_date('27/02/12','DD/MM/RR'),to_date('27/02/12','DD/MM/RR'),'Entregado','1');
Insert into PEDIDOS (CODIGOPEDIDO,FECHAPEDIDO,FECHAESPERADA,FECHAENTREGA,ESTADO,CODIGOCLIENTE) values ('9',to_date('05/04/12','DD/MM/RR'),to_date('10/04/12','DD/MM/RR'),to_date('11/04/12','DD/MM/RR'),'Entregado','1');
Insert into PEDIDOS (CODIGOPEDIDO,FECHAPEDIDO,FECHAESPERADA,FECHAENTREGA,ESTADO,CODIGOCLIENTE) values ('10',to_date('29/04/12','DD/MM/RR'),to_date('04/05/12','DD/MM/RR'),null,'Pendiente','3');
Insert into PEDIDOS (CODIGOPEDIDO,FECHAPEDIDO,FECHAESPERADA,FECHAENTREGA,ESTADO,CODIGOCLIENTE) values ('11',to_date('04/05/12','DD/MM/RR'),to_date('11/05/12','DD/MM/RR'),null,'Pendiente','1');
Insert into PEDIDOS (CODIGOPEDIDO,FECHAPEDIDO,FECHAESPERADA,FECHAENTREGA,ESTADO,CODIGOCLIENTE) values ('12',to_date('06/05/12','DD/MM/RR'),to_date('11/05/12','DD/MM/RR'),null,'Pendiente','1');
Insert into PEDIDOS (CODIGOPEDIDO,FECHAPEDIDO,FECHAESPERADA,FECHAENTREGA,ESTADO,CODIGOCLIENTE) values ('13',to_date('26/04/12','DD/MM/RR'),to_date('28/04/12','DD/MM/RR'),to_date('29/04/12','DD/MM/RR'),'entregado','7');
Insert into PEDIDOS (CODIGOPEDIDO,FECHAPEDIDO,FECHAESPERADA,FECHAENTREGA,ESTADO,CODIGOCLIENTE) values ('14',to_date('16/04/12','DD/MM/RR'),to_date('16/04/12','DD/MM/RR'),null,'rechazado','7');
Insert into PEDIDOS (CODIGOPEDIDO,FECHAPEDIDO,FECHAESPERADA,FECHAENTREGA,ESTADO,CODIGOCLIENTE) values ('15',to_date('23/04/12','DD/MM/RR'),to_date('26/04/12','DD/MM/RR'),to_date('25/04/12','DD/MM/RR'),'entregado','7');
Insert into PEDIDOS (CODIGOPEDIDO,FECHAPEDIDO,FECHAESPERADA,FECHAENTREGA,ESTADO,CODIGOCLIENTE) values ('16',to_date('20/04/12','DD/MM/RR'),to_date('21/04/12','DD/MM/RR'),to_date('29/04/12','DD/MM/RR'),'entregado','7');
Insert into PEDIDOS (CODIGOPEDIDO,FECHAPEDIDO,FECHAESPERADA,FECHAENTREGA,ESTADO,CODIGOCLIENTE) values ('17',to_date('22/04/12','DD/MM/RR'),to_date('23/04/12','DD/MM/RR'),to_date('25/04/12','DD/MM/RR'),'entregado','7');
Insert into PEDIDOS (CODIGOPEDIDO,FECHAPEDIDO,FECHAESPERADA,FECHAENTREGA,ESTADO,CODIGOCLIENTE) values ('18',to_date('19/04/12','DD/MM/RR'),to_date('20/04/12','DD/MM/RR'),to_date('21/04/12','DD/MM/RR'),'entregado','9');
Insert into PEDIDOS (CODIGOPEDIDO,FECHAPEDIDO,FECHAESPERADA,FECHAENTREGA,ESTADO,CODIGOCLIENTE) values ('19',to_date('02/05/12','DD/MM/RR'),to_date('27/05/12','DD/MM/RR'),null,'pendiente','9');
Insert into PEDIDOS (CODIGOPEDIDO,FECHAPEDIDO,FECHAESPERADA,FECHAENTREGA,ESTADO,CODIGOCLIENTE) values ('20',to_date('04/05/12','DD/MM/RR'),to_date('30/05/12','DD/MM/RR'),null,'pendiente','9');
Insert into PEDIDOS (CODIGOPEDIDO,FECHAPEDIDO,FECHAESPERADA,FECHAENTREGA,ESTADO,CODIGOCLIENTE) values ('21',to_date('23/04/12','DD/MM/RR'),to_date('23/04/12','DD/MM/RR'),to_date('23/04/12','DD/MM/RR'),'rechazado','9');
Insert into PEDIDOS (CODIGOPEDIDO,FECHAPEDIDO,FECHAESPERADA,FECHAENTREGA,ESTADO,CODIGOCLIENTE) values ('22',to_date('25/04/12','DD/MM/RR'),to_date('25/04/12','DD/MM/RR'),to_date('27/04/12','DD/MM/RR'),'entregado','9');
Insert into PEDIDOS (CODIGOPEDIDO,FECHAPEDIDO,FECHAESPERADA,FECHAENTREGA,ESTADO,CODIGOCLIENTE) values ('23',to_date('13/04/12','DD/MM/RR'),to_date('24/04/12','DD/MM/RR'),null,'Rechazado','5');
Insert into PEDIDOS (CODIGOPEDIDO,FECHAPEDIDO,FECHAESPERADA,FECHAENTREGA,ESTADO,CODIGOCLIENTE) values ('24',to_date('27/10/11','DD/MM/RR'),to_date('13/11/11','DD/MM/RR'),to_date('07/11/11','DD/MM/RR'),'Entregado','14');
Insert into PEDIDOS (CODIGOPEDIDO,FECHAPEDIDO,FECHAESPERADA,FECHAENTREGA,ESTADO,CODIGOCLIENTE) values ('25',to_date('17/05/12','DD/MM/RR'),to_date('23/05/12','DD/MM/RR'),null,'Rechazado','1');
Insert into PEDIDOS (CODIGOPEDIDO,FECHAPEDIDO,FECHAESPERADA,FECHAENTREGA,ESTADO,CODIGOCLIENTE) values ('26',to_date('21/05/12','DD/MM/RR'),to_date('27/05/12','DD/MM/RR'),null,'Rechazado','3');
Insert into PEDIDOS (CODIGOPEDIDO,FECHAPEDIDO,FECHAESPERADA,FECHAENTREGA,ESTADO,CODIGOCLIENTE) values ('27',to_date('22/05/12','DD/MM/RR'),to_date('28/05/12','DD/MM/RR'),null,'Entregado','3');
Insert into PEDIDOS (CODIGOPEDIDO,FECHAPEDIDO,FECHAESPERADA,FECHAENTREGA,ESTADO,CODIGOCLIENTE) values ('28',to_date('25/05/12','DD/MM/RR'),to_date('01/06/12','DD/MM/RR'),to_date('04/06/12','DD/MM/RR'),'Entregado','3');
Insert into PEDIDOS (CODIGOPEDIDO,FECHAPEDIDO,FECHAESPERADA,FECHAENTREGA,ESTADO,CODIGOCLIENTE) values ('29',to_date('14/11/11','DD/MM/RR'),to_date('15/12/11','DD/MM/RR'),to_date('15/12/11','DD/MM/RR'),'Rechazado','14');
Insert into PEDIDOS (CODIGOPEDIDO,FECHAPEDIDO,FECHAESPERADA,FECHAENTREGA,ESTADO,CODIGOCLIENTE) values ('30',to_date('16/11/11','DD/MM/RR'),to_date('17/12/11','DD/MM/RR'),to_date('14/12/11','DD/MM/RR'),'Entregado','13');
REM INSERTING into PRODUCTOS
SET DEFINE OFF;
Insert into PRODUCTOS (CODIGOPRODUCTO,NOMBRE,GAMA,DIMENSIONES,PROVEEDOR,CANTIDADENSTOCK,PRECIOVENTA,PRECIOPROVEEDOR) values ('OR-218','Butia Capitata','Ornamentales','70 - 90','Viveros EL OASIS','100','25','20');
Insert into PRODUCTOS (CODIGOPRODUCTO,NOMBRE,GAMA,DIMENSIONES,PROVEEDOR,CANTIDADENSTOCK,PRECIOVENTA,PRECIOPROVEEDOR) values ('OR-222','Butia Capitata','Ornamentales','130 - 150','Viveros EL OASIS','100','87','69');
Insert into PRODUCTOS (CODIGOPRODUCTO,NOMBRE,GAMA,DIMENSIONES,PROVEEDOR,CANTIDADENSTOCK,PRECIOVENTA,PRECIOPROVEEDOR) values ('OR-227','Chamaerops Humilis','Ornamentales','130 - 150','Viveros EL OASIS','100','64','51');
Insert into PRODUCTOS (CODIGOPRODUCTO,NOMBRE,GAMA,DIMENSIONES,PROVEEDOR,CANTIDADENSTOCK,PRECIOVENTA,PRECIOPROVEEDOR) values ('OR-234','Dracaena Drago','Ornamentales','130 - 150','Viveros EL OASIS','2','64','51');
Insert into PRODUCTOS (CODIGOPRODUCTO,NOMBRE,GAMA,DIMENSIONES,PROVEEDOR,CANTIDADENSTOCK,PRECIOVENTA,PRECIOPROVEEDOR) values ('OR-240','Phoenix Canariensis','Ornamentales','110 - 130','Viveros EL OASIS','50','6','4');
Insert into PRODUCTOS (CODIGOPRODUCTO,NOMBRE,GAMA,DIMENSIONES,PROVEEDOR,CANTIDADENSTOCK,PRECIOVENTA,PRECIOPROVEEDOR) values ('OR-241','Phoenix Canariensis','Ornamentales','180 - 200','Viveros EL OASIS','50','19','15');
Insert into PRODUCTOS (CODIGOPRODUCTO,NOMBRE,GAMA,DIMENSIONES,PROVEEDOR,CANTIDADENSTOCK,PRECIOVENTA,PRECIOPROVEEDOR) values ('OR-247','Trachycarpus Fortunei','Ornamentales','250-300','Viveros EL OASIS','2','462','369');
Insert into PRODUCTOS (CODIGOPRODUCTO,NOMBRE,GAMA,DIMENSIONES,PROVEEDOR,CANTIDADENSTOCK,PRECIOVENTA,PRECIOPROVEEDOR) values ('OR-249','Washingtonia Robusta','Ornamentales','130 - 150','Viveros EL OASIS','15','5','4');
Insert into PRODUCTOS (CODIGOPRODUCTO,NOMBRE,GAMA,DIMENSIONES,PROVEEDOR,CANTIDADENSTOCK,PRECIOVENTA,PRECIOPROVEEDOR) values ('OR-99','Mimosa DEALBATA Gaulois Astier  ','Ornamentales','200-225','Viveros EL OASIS','100','14','11');
Insert into PRODUCTOS (CODIGOPRODUCTO,NOMBRE,GAMA,DIMENSIONES,PROVEEDOR,CANTIDADENSTOCK,PRECIOVENTA,PRECIOPROVEEDOR) values ('AR-009','Thymus Vulgaris','Aromáticas','15-20','Murcia Seasons','140','1','0');
Insert into PRODUCTOS (CODIGOPRODUCTO,NOMBRE,GAMA,DIMENSIONES,PROVEEDOR,CANTIDADENSTOCK,PRECIOVENTA,PRECIOPROVEEDOR) values ('AR-010','Santolina Chamaecyparys','Aromáticas','15-20','Murcia Seasons','140','1','0');
Insert into PRODUCTOS (CODIGOPRODUCTO,NOMBRE,GAMA,DIMENSIONES,PROVEEDOR,CANTIDADENSTOCK,PRECIOVENTA,PRECIOPROVEEDOR) values ('FR-1','Expositor Cítricos Mix','Frutales','100-120','Frutales Talavera S.A','15','7','5');
Insert into PRODUCTOS (CODIGOPRODUCTO,NOMBRE,GAMA,DIMENSIONES,PROVEEDOR,CANTIDADENSTOCK,PRECIOVENTA,PRECIOPROVEEDOR) values ('FR-10','Limonero 2 años injerto','Frutales',null,'NaranjasValencianas.com','15','7','5');
Insert into PRODUCTOS (CODIGOPRODUCTO,NOMBRE,GAMA,DIMENSIONES,PROVEEDOR,CANTIDADENSTOCK,PRECIOVENTA,PRECIOPROVEEDOR) values ('FR-100','Nectarina','Frutales','8/10','Frutales Talavera S.A','50','11','8');
Insert into PRODUCTOS (CODIGOPRODUCTO,NOMBRE,GAMA,DIMENSIONES,PROVEEDOR,CANTIDADENSTOCK,PRECIOVENTA,PRECIOPROVEEDOR) values ('FR-106','Peral','Frutales','8/10','Frutales Talavera S.A','50','11','8');
Insert into PRODUCTOS (CODIGOPRODUCTO,NOMBRE,GAMA,DIMENSIONES,PROVEEDOR,CANTIDADENSTOCK,PRECIOVENTA,PRECIOPROVEEDOR) values ('FR-107','Peral','Frutales','10/12','Frutales Talavera S.A','50','22','17');
Insert into PRODUCTOS (CODIGOPRODUCTO,NOMBRE,GAMA,DIMENSIONES,PROVEEDOR,CANTIDADENSTOCK,PRECIOVENTA,PRECIOPROVEEDOR) values ('FR-108','Peral','Frutales','12/14','Frutales Talavera S.A','50','32','25');
Insert into PRODUCTOS (CODIGOPRODUCTO,NOMBRE,GAMA,DIMENSIONES,PROVEEDOR,CANTIDADENSTOCK,PRECIOVENTA,PRECIOPROVEEDOR) values ('FR-11','Limonero 30/40','Frutales',null,'NaranjasValencianas.com','15','100','80');
Insert into PRODUCTOS (CODIGOPRODUCTO,NOMBRE,GAMA,DIMENSIONES,PROVEEDOR,CANTIDADENSTOCK,PRECIOVENTA,PRECIOPROVEEDOR) values ('FR-12','Kunquat ','Frutales',null,'NaranjasValencianas.com','15','21','16');
Insert into PRODUCTOS (CODIGOPRODUCTO,NOMBRE,GAMA,DIMENSIONES,PROVEEDOR,CANTIDADENSTOCK,PRECIOVENTA,PRECIOPROVEEDOR) values ('FR-13','Kunquat  EXTRA con FRUTA','Frutales','150-170','NaranjasValencianas.com','15','57','45');
Insert into PRODUCTOS (CODIGOPRODUCTO,NOMBRE,GAMA,DIMENSIONES,PROVEEDOR,CANTIDADENSTOCK,PRECIOVENTA,PRECIOPROVEEDOR) values ('FR-15','Calamondin Copa ','Frutales',null,'Frutales Talavera S.A','15','25','20');
Insert into PRODUCTOS (CODIGOPRODUCTO,NOMBRE,GAMA,DIMENSIONES,PROVEEDOR,CANTIDADENSTOCK,PRECIOVENTA,PRECIOPROVEEDOR) values ('11679','Sierra de Poda 400MM','Herramientas','0,258','HiperGarden Tools','15','14','11');
Insert into PRODUCTOS (CODIGOPRODUCTO,NOMBRE,GAMA,DIMENSIONES,PROVEEDOR,CANTIDADENSTOCK,PRECIOVENTA,PRECIOPROVEEDOR) values ('21636','Pala','Herramientas','0,156','HiperGarden Tools','15','14','13');
Insert into PRODUCTOS (CODIGOPRODUCTO,NOMBRE,GAMA,DIMENSIONES,PROVEEDOR,CANTIDADENSTOCK,PRECIOVENTA,PRECIOPROVEEDOR) values ('22225','Rastrillo de Jardín','Herramientas','1,064','HiperGarden Tools','15','12','11');
Insert into PRODUCTOS (CODIGOPRODUCTO,NOMBRE,GAMA,DIMENSIONES,PROVEEDOR,CANTIDADENSTOCK,PRECIOVENTA,PRECIOPROVEEDOR) values ('30310','Azadón','Herramientas','0,168','HiperGarden Tools','15','12','11');
Insert into PRODUCTOS (CODIGOPRODUCTO,NOMBRE,GAMA,DIMENSIONES,PROVEEDOR,CANTIDADENSTOCK,PRECIOVENTA,PRECIOPROVEEDOR) values ('AR-001','Ajedrea','Aromáticas','15-20','Murcia Seasons','140','1','0');
Insert into PRODUCTOS (CODIGOPRODUCTO,NOMBRE,GAMA,DIMENSIONES,PROVEEDOR,CANTIDADENSTOCK,PRECIOVENTA,PRECIOPROVEEDOR) values ('AR-002','Lavándula Dentata','Aromáticas','15-20','Murcia Seasons','140','1','0');
Insert into PRODUCTOS (CODIGOPRODUCTO,NOMBRE,GAMA,DIMENSIONES,PROVEEDOR,CANTIDADENSTOCK,PRECIOVENTA,PRECIOPROVEEDOR) values ('AR-003','Mejorana','Aromáticas','15-20','Murcia Seasons','140','1','0');
Insert into PRODUCTOS (CODIGOPRODUCTO,NOMBRE,GAMA,DIMENSIONES,PROVEEDOR,CANTIDADENSTOCK,PRECIOVENTA,PRECIOPROVEEDOR) values ('AR-004','Melissa ','Aromáticas','15-20','Murcia Seasons','140','1','0');
Insert into PRODUCTOS (CODIGOPRODUCTO,NOMBRE,GAMA,DIMENSIONES,PROVEEDOR,CANTIDADENSTOCK,PRECIOVENTA,PRECIOPROVEEDOR) values ('AR-005','Mentha Sativa','Aromáticas','15-20','Murcia Seasons','140','1','0');
Insert into PRODUCTOS (CODIGOPRODUCTO,NOMBRE,GAMA,DIMENSIONES,PROVEEDOR,CANTIDADENSTOCK,PRECIOVENTA,PRECIOPROVEEDOR) values ('AR-006','Petrosilium Hortense (Perejil)','Aromáticas','15-20','Murcia Seasons','140','1','0');
Insert into PRODUCTOS (CODIGOPRODUCTO,NOMBRE,GAMA,DIMENSIONES,PROVEEDOR,CANTIDADENSTOCK,PRECIOVENTA,PRECIOPROVEEDOR) values ('AR-007','Salvia Mix','Aromáticas','15-20','Murcia Seasons','140','1','0');
Insert into PRODUCTOS (CODIGOPRODUCTO,NOMBRE,GAMA,DIMENSIONES,PROVEEDOR,CANTIDADENSTOCK,PRECIOVENTA,PRECIOPROVEEDOR) values ('AR-008','Thymus Citriodra (Tomillo limón)','Aromáticas','15-20','Murcia Seasons','140','1','0');
Insert into PRODUCTOS (CODIGOPRODUCTO,NOMBRE,GAMA,DIMENSIONES,PROVEEDOR,CANTIDADENSTOCK,PRECIOVENTA,PRECIOPROVEEDOR) values ('FR-18','ROSAL TREPADOR','Frutales',null,'Frutales Talavera S.A','350','4','3');
Insert into PRODUCTOS (CODIGOPRODUCTO,NOMBRE,GAMA,DIMENSIONES,PROVEEDOR,CANTIDADENSTOCK,PRECIOVENTA,PRECIOPROVEEDOR) values ('FR-19','Camelia Blanco, Chrysler Rojo, Soraya Naranja, ','Frutales',null,'NaranjasValencianas.com','350','4','3');
Insert into PRODUCTOS (CODIGOPRODUCTO,NOMBRE,GAMA,DIMENSIONES,PROVEEDOR,CANTIDADENSTOCK,PRECIOVENTA,PRECIOPROVEEDOR) values ('FR-2','Naranjo -Plantón joven 1 año injerto','Frutales',null,'NaranjasValencianas.com','15','6','4');
Insert into PRODUCTOS (CODIGOPRODUCTO,NOMBRE,GAMA,DIMENSIONES,PROVEEDOR,CANTIDADENSTOCK,PRECIOVENTA,PRECIOPROVEEDOR) values ('FR-22','Pitimini rojo','Frutales',null,'Frutales Talavera S.A','350','4','3');
Insert into PRODUCTOS (CODIGOPRODUCTO,NOMBRE,GAMA,DIMENSIONES,PROVEEDOR,CANTIDADENSTOCK,PRECIOVENTA,PRECIOPROVEEDOR) values ('FR-23','Rosal copa ','Frutales',null,'Frutales Talavera S.A','400','8','6');
Insert into PRODUCTOS (CODIGOPRODUCTO,NOMBRE,GAMA,DIMENSIONES,PROVEEDOR,CANTIDADENSTOCK,PRECIOVENTA,PRECIOPROVEEDOR) values ('FR-24','Albaricoquero Corbato','Frutales',null,'Melocotones de Cieza S.A.','400','8','6');
Insert into PRODUCTOS (CODIGOPRODUCTO,NOMBRE,GAMA,DIMENSIONES,PROVEEDOR,CANTIDADENSTOCK,PRECIOVENTA,PRECIOPROVEEDOR) values ('FR-25','Albaricoquero Moniqui','Frutales',null,'Melocotones de Cieza S.A.','400','8','6');
Insert into PRODUCTOS (CODIGOPRODUCTO,NOMBRE,GAMA,DIMENSIONES,PROVEEDOR,CANTIDADENSTOCK,PRECIOVENTA,PRECIOPROVEEDOR) values ('FR-26','Albaricoquero Kurrot','Frutales',null,'Melocotones de Cieza S.A.','400','8','6');
Insert into PRODUCTOS (CODIGOPRODUCTO,NOMBRE,GAMA,DIMENSIONES,PROVEEDOR,CANTIDADENSTOCK,PRECIOVENTA,PRECIOPROVEEDOR) values ('FR-27','Cerezo Burlat','Frutales',null,'Jerte Distribuciones S.L.','400','8','6');
Insert into PRODUCTOS (CODIGOPRODUCTO,NOMBRE,GAMA,DIMENSIONES,PROVEEDOR,CANTIDADENSTOCK,PRECIOVENTA,PRECIOPROVEEDOR) values ('FR-57','Kaki Rojo Brillante','Frutales',null,'NaranjasValencianas.com','400','9','7');
Insert into PRODUCTOS (CODIGOPRODUCTO,NOMBRE,GAMA,DIMENSIONES,PROVEEDOR,CANTIDADENSTOCK,PRECIOVENTA,PRECIOPROVEEDOR) values ('FR-58','Albaricoquero','Frutales','8/10','Melocotones de Cieza S.A.','200','11','8');
Insert into PRODUCTOS (CODIGOPRODUCTO,NOMBRE,GAMA,DIMENSIONES,PROVEEDOR,CANTIDADENSTOCK,PRECIOVENTA,PRECIOPROVEEDOR) values ('FR-59','Albaricoquero','Frutales','10/12','Melocotones de Cieza S.A.','200','22','17');
Insert into PRODUCTOS (CODIGOPRODUCTO,NOMBRE,GAMA,DIMENSIONES,PROVEEDOR,CANTIDADENSTOCK,PRECIOVENTA,PRECIOPROVEEDOR) values ('FR-60','Albaricoquero','Frutales','12/14','Melocotones de Cieza S.A.','200','32','25');
Insert into PRODUCTOS (CODIGOPRODUCTO,NOMBRE,GAMA,DIMENSIONES,PROVEEDOR,CANTIDADENSTOCK,PRECIOVENTA,PRECIOPROVEEDOR) values ('FR-61','Albaricoquero','Frutales','14/16','Melocotones de Cieza S.A.','200','49','39');
Insert into PRODUCTOS (CODIGOPRODUCTO,NOMBRE,GAMA,DIMENSIONES,PROVEEDOR,CANTIDADENSTOCK,PRECIOVENTA,PRECIOPROVEEDOR) values ('FR-62','Albaricoquero','Frutales','16/18','Melocotones de Cieza S.A.','200','70','56');
Insert into PRODUCTOS (CODIGOPRODUCTO,NOMBRE,GAMA,DIMENSIONES,PROVEEDOR,CANTIDADENSTOCK,PRECIOVENTA,PRECIOPROVEEDOR) values ('FR-28','Cerezo Picota','Frutales',null,'Jerte Distribuciones S.L.','400','8','6');
Insert into PRODUCTOS (CODIGOPRODUCTO,NOMBRE,GAMA,DIMENSIONES,PROVEEDOR,CANTIDADENSTOCK,PRECIOVENTA,PRECIOPROVEEDOR) values ('FR-29','Cerezo Napoleón','Frutales',null,'Jerte Distribuciones S.L.','400','8','6');
Insert into PRODUCTOS (CODIGOPRODUCTO,NOMBRE,GAMA,DIMENSIONES,PROVEEDOR,CANTIDADENSTOCK,PRECIOVENTA,PRECIOPROVEEDOR) values ('FR-3','Naranjo 2 años injerto','Frutales',null,'NaranjasValencianas.com','15','7','5');
Insert into PRODUCTOS (CODIGOPRODUCTO,NOMBRE,GAMA,DIMENSIONES,PROVEEDOR,CANTIDADENSTOCK,PRECIOVENTA,PRECIOPROVEEDOR) values ('FR-31','Ciruelo Santa Rosa','Frutales',null,'Frutales Talavera S.A','400','8','6');
Insert into PRODUCTOS (CODIGOPRODUCTO,NOMBRE,GAMA,DIMENSIONES,PROVEEDOR,CANTIDADENSTOCK,PRECIOVENTA,PRECIOPROVEEDOR) values ('FR-34','Ciruelo Reina C. De Ollins','Frutales',null,'Frutales Talavera S.A','400','8','6');
Insert into PRODUCTOS (CODIGOPRODUCTO,NOMBRE,GAMA,DIMENSIONES,PROVEEDOR,CANTIDADENSTOCK,PRECIOVENTA,PRECIOPROVEEDOR) values ('FR-36','Granado Mollar de Elche','Frutales',null,'Frutales Talavera S.A','400','9','7');
Insert into PRODUCTOS (CODIGOPRODUCTO,NOMBRE,GAMA,DIMENSIONES,PROVEEDOR,CANTIDADENSTOCK,PRECIOVENTA,PRECIOPROVEEDOR) values ('FR-37','Higuera Napolitana','Frutales',null,'Frutales Talavera S.A','400','9','7');
Insert into PRODUCTOS (CODIGOPRODUCTO,NOMBRE,GAMA,DIMENSIONES,PROVEEDOR,CANTIDADENSTOCK,PRECIOVENTA,PRECIOPROVEEDOR) values ('FR-4','Naranjo calibre 8/10','Frutales',null,'NaranjasValencianas.com','15','29','23');
Insert into PRODUCTOS (CODIGOPRODUCTO,NOMBRE,GAMA,DIMENSIONES,PROVEEDOR,CANTIDADENSTOCK,PRECIOVENTA,PRECIOPROVEEDOR) values ('FR-40','Manzano Starking Delicious','Frutales',null,'Frutales Talavera S.A','400','8','6');
Insert into PRODUCTOS (CODIGOPRODUCTO,NOMBRE,GAMA,DIMENSIONES,PROVEEDOR,CANTIDADENSTOCK,PRECIOVENTA,PRECIOPROVEEDOR) values ('FR-44','Melocotonero Spring Crest','Frutales',null,'Melocotones de Cieza S.A.','400','8','6');
Insert into PRODUCTOS (CODIGOPRODUCTO,NOMBRE,GAMA,DIMENSIONES,PROVEEDOR,CANTIDADENSTOCK,PRECIOVENTA,PRECIOPROVEEDOR) values ('FR-45','Melocotonero Amarillo de Agosto','Frutales',null,'Melocotones de Cieza S.A.','400','8','6');
Insert into PRODUCTOS (CODIGOPRODUCTO,NOMBRE,GAMA,DIMENSIONES,PROVEEDOR,CANTIDADENSTOCK,PRECIOVENTA,PRECIOPROVEEDOR) values ('FR-46','Melocotonero Federica','Frutales',null,'Melocotones de Cieza S.A.','400','8','6');
Insert into PRODUCTOS (CODIGOPRODUCTO,NOMBRE,GAMA,DIMENSIONES,PROVEEDOR,CANTIDADENSTOCK,PRECIOVENTA,PRECIOPROVEEDOR) values ('FR-47','Melocotonero Paraguayo','Frutales',null,'Melocotones de Cieza S.A.','400','8','6');
Insert into PRODUCTOS (CODIGOPRODUCTO,NOMBRE,GAMA,DIMENSIONES,PROVEEDOR,CANTIDADENSTOCK,PRECIOVENTA,PRECIOPROVEEDOR) values ('FR-48','Nogal Común','Frutales',null,'Frutales Talavera S.A','400','9','7');
Insert into PRODUCTOS (CODIGOPRODUCTO,NOMBRE,GAMA,DIMENSIONES,PROVEEDOR,CANTIDADENSTOCK,PRECIOVENTA,PRECIOPROVEEDOR) values ('FR-53','Peral Blanq. de Aranjuez','Frutales',null,'Frutales Talavera S.A','400','8','6');
Insert into PRODUCTOS (CODIGOPRODUCTO,NOMBRE,GAMA,DIMENSIONES,PROVEEDOR,CANTIDADENSTOCK,PRECIOVENTA,PRECIOPROVEEDOR) values ('FR-63','Cerezo','Frutales','8/10','Jerte Distribuciones S.L.','300','11','8');
Insert into PRODUCTOS (CODIGOPRODUCTO,NOMBRE,GAMA,DIMENSIONES,PROVEEDOR,CANTIDADENSTOCK,PRECIOVENTA,PRECIOPROVEEDOR) values ('FR-64','Cerezo','Frutales','10/12','Jerte Distribuciones S.L.','15','22','17');
Insert into PRODUCTOS (CODIGOPRODUCTO,NOMBRE,GAMA,DIMENSIONES,PROVEEDOR,CANTIDADENSTOCK,PRECIOVENTA,PRECIOPROVEEDOR) values ('FR-65','Cerezo','Frutales','12/14','Jerte Distribuciones S.L.','200','32','25');
Insert into PRODUCTOS (CODIGOPRODUCTO,NOMBRE,GAMA,DIMENSIONES,PROVEEDOR,CANTIDADENSTOCK,PRECIOVENTA,PRECIOPROVEEDOR) values ('FR-66','Cerezo','Frutales','14/16','Jerte Distribuciones S.L.','50','49','39');
Insert into PRODUCTOS (CODIGOPRODUCTO,NOMBRE,GAMA,DIMENSIONES,PROVEEDOR,CANTIDADENSTOCK,PRECIOVENTA,PRECIOPROVEEDOR) values ('FR-67','Cerezo','Frutales','16/18','Jerte Distribuciones S.L.','50','70','56');
Insert into PRODUCTOS (CODIGOPRODUCTO,NOMBRE,GAMA,DIMENSIONES,PROVEEDOR,CANTIDADENSTOCK,PRECIOVENTA,PRECIOPROVEEDOR) values ('FR-68','Cerezo','Frutales','18/20','Jerte Distribuciones S.L.','50','80','64');
Insert into PRODUCTOS (CODIGOPRODUCTO,NOMBRE,GAMA,DIMENSIONES,PROVEEDOR,CANTIDADENSTOCK,PRECIOVENTA,PRECIOPROVEEDOR) values ('FR-69','Cerezo','Frutales','20/25','Jerte Distribuciones S.L.','50','91','72');
Insert into PRODUCTOS (CODIGOPRODUCTO,NOMBRE,GAMA,DIMENSIONES,PROVEEDOR,CANTIDADENSTOCK,PRECIOVENTA,PRECIOPROVEEDOR) values ('FR-72','Ciruelo','Frutales','12/14','Frutales Talavera S.A','50','32','25');
Insert into PRODUCTOS (CODIGOPRODUCTO,NOMBRE,GAMA,DIMENSIONES,PROVEEDOR,CANTIDADENSTOCK,PRECIOVENTA,PRECIOPROVEEDOR) values ('FR-82','Higuera','Frutales','16/18','Frutales Talavera S.A','50','70','56');
Insert into PRODUCTOS (CODIGOPRODUCTO,NOMBRE,GAMA,DIMENSIONES,PROVEEDOR,CANTIDADENSTOCK,PRECIOVENTA,PRECIOPROVEEDOR) values ('FR-84','Kaki','Frutales','8/10','NaranjasValencianas.com','50','13','10');
Insert into PRODUCTOS (CODIGOPRODUCTO,NOMBRE,GAMA,DIMENSIONES,PROVEEDOR,CANTIDADENSTOCK,PRECIOVENTA,PRECIOPROVEEDOR) values ('FR-85','Kaki','Frutales','16/18','NaranjasValencianas.com','50','70','56');
Insert into PRODUCTOS (CODIGOPRODUCTO,NOMBRE,GAMA,DIMENSIONES,PROVEEDOR,CANTIDADENSTOCK,PRECIOVENTA,PRECIOPROVEEDOR) values ('FR-89','Manzano','Frutales','14/16','Frutales Talavera S.A','50','49','39');
Insert into PRODUCTOS (CODIGOPRODUCTO,NOMBRE,GAMA,DIMENSIONES,PROVEEDOR,CANTIDADENSTOCK,PRECIOVENTA,PRECIOPROVEEDOR) values ('FR-9','Limonero calibre 8/10','Frutales',null,'NaranjasValencianas.com','15','29','23');
Insert into PRODUCTOS (CODIGOPRODUCTO,NOMBRE,GAMA,DIMENSIONES,PROVEEDOR,CANTIDADENSTOCK,PRECIOVENTA,PRECIOPROVEEDOR) values ('FR-91','Níspero','Frutales','18/20','Frutales Talavera S.A','50','80','64');
Insert into PRODUCTOS (CODIGOPRODUCTO,NOMBRE,GAMA,DIMENSIONES,PROVEEDOR,CANTIDADENSTOCK,PRECIOVENTA,PRECIOPROVEEDOR) values ('OR-120','Lonicera Nitida ','Ornamentales','35-45','Viveros EL OASIS','120','5','4');
Insert into PRODUCTOS (CODIGOPRODUCTO,NOMBRE,GAMA,DIMENSIONES,PROVEEDOR,CANTIDADENSTOCK,PRECIOVENTA,PRECIOPROVEEDOR) values ('OR-122','Lonicera Pileata','Ornamentales','35-45','Viveros EL OASIS','120','5','4');
Insert into PRODUCTOS (CODIGOPRODUCTO,NOMBRE,GAMA,DIMENSIONES,PROVEEDOR,CANTIDADENSTOCK,PRECIOVENTA,PRECIOPROVEEDOR) values ('OR-123','Philadelphus "Virginal"','Ornamentales','35-45','Viveros EL OASIS','120','5','4');
Insert into PRODUCTOS (CODIGOPRODUCTO,NOMBRE,GAMA,DIMENSIONES,PROVEEDOR,CANTIDADENSTOCK,PRECIOVENTA,PRECIOPROVEEDOR) values ('OR-127','Camelia japonica','Ornamentales','40-60','Viveros EL OASIS','50','7','5');
Insert into PRODUCTOS (CODIGOPRODUCTO,NOMBRE,GAMA,DIMENSIONES,PROVEEDOR,CANTIDADENSTOCK,PRECIOVENTA,PRECIOPROVEEDOR) values ('FR-92','Melocotonero','Frutales','8/10','Melocotones de Cieza S.A.','50','11','8');
Insert into PRODUCTOS (CODIGOPRODUCTO,NOMBRE,GAMA,DIMENSIONES,PROVEEDOR,CANTIDADENSTOCK,PRECIOVENTA,PRECIOPROVEEDOR) values ('FR-93','Melocotonero','Frutales','10/12','Melocotones de Cieza S.A.','50','22','17');
Insert into PRODUCTOS (CODIGOPRODUCTO,NOMBRE,GAMA,DIMENSIONES,PROVEEDOR,CANTIDADENSTOCK,PRECIOVENTA,PRECIOPROVEEDOR) values ('FR-94','Melocotonero','Frutales','12/14','Melocotones de Cieza S.A.','50','32','25');
Insert into PRODUCTOS (CODIGOPRODUCTO,NOMBRE,GAMA,DIMENSIONES,PROVEEDOR,CANTIDADENSTOCK,PRECIOVENTA,PRECIOPROVEEDOR) values ('FR-95','Melocotonero','Frutales','14/16','Melocotones de Cieza S.A.','50','49','39');
Insert into PRODUCTOS (CODIGOPRODUCTO,NOMBRE,GAMA,DIMENSIONES,PROVEEDOR,CANTIDADENSTOCK,PRECIOVENTA,PRECIOPROVEEDOR) values ('OR-101','Expositor Mimosa Semilla Mix','Ornamentales','170-200','Viveros EL OASIS','100','6','4');
Insert into PRODUCTOS (CODIGOPRODUCTO,NOMBRE,GAMA,DIMENSIONES,PROVEEDOR,CANTIDADENSTOCK,PRECIOVENTA,PRECIOPROVEEDOR) values ('OR-102','Mimosa Semilla Bayleyana  ','Ornamentales','170-200','Viveros EL OASIS','100','6','4');
Insert into PRODUCTOS (CODIGOPRODUCTO,NOMBRE,GAMA,DIMENSIONES,PROVEEDOR,CANTIDADENSTOCK,PRECIOVENTA,PRECIOPROVEEDOR) values ('FR-75','Granado','Frutales','12/14','Frutales Talavera S.A','50','32','25');
Insert into PRODUCTOS (CODIGOPRODUCTO,NOMBRE,GAMA,DIMENSIONES,PROVEEDOR,CANTIDADENSTOCK,PRECIOVENTA,PRECIOPROVEEDOR) values ('FR-77','Granado','Frutales','16/18','Frutales Talavera S.A','50','70','56');
Insert into PRODUCTOS (CODIGOPRODUCTO,NOMBRE,GAMA,DIMENSIONES,PROVEEDOR,CANTIDADENSTOCK,PRECIOVENTA,PRECIOPROVEEDOR) values ('FR-8','Limonero -Plantón joven','Frutales',null,'NaranjasValencianas.com','15','6','4');
Insert into PRODUCTOS (CODIGOPRODUCTO,NOMBRE,GAMA,DIMENSIONES,PROVEEDOR,CANTIDADENSTOCK,PRECIOVENTA,PRECIOPROVEEDOR) values ('OR-129','Camelia japonica ejemplar','Ornamentales','250-300','Viveros EL OASIS','50','110','88');
Insert into PRODUCTOS (CODIGOPRODUCTO,NOMBRE,GAMA,DIMENSIONES,PROVEEDOR,CANTIDADENSTOCK,PRECIOVENTA,PRECIOPROVEEDOR) values ('OR-136','Nerium oleander ARBOL Calibre 8/10','Ornamentales','225-250','Viveros EL OASIS','100','18','14');
Insert into PRODUCTOS (CODIGOPRODUCTO,NOMBRE,GAMA,DIMENSIONES,PROVEEDOR,CANTIDADENSTOCK,PRECIOVENTA,PRECIOPROVEEDOR) values ('OR-140','Kordes Perfect bicolor rojo-amarillo, Roundelay rojo fuerte','Ornamentales',null,'Viveros EL OASIS','100','4','3');
Insert into PRODUCTOS (CODIGOPRODUCTO,NOMBRE,GAMA,DIMENSIONES,PROVEEDOR,CANTIDADENSTOCK,PRECIOVENTA,PRECIOPROVEEDOR) values ('OR-141','Pitimini rojo','Ornamentales',null,'Viveros EL OASIS','100','4','3');
Insert into PRODUCTOS (CODIGOPRODUCTO,NOMBRE,GAMA,DIMENSIONES,PROVEEDOR,CANTIDADENSTOCK,PRECIOVENTA,PRECIOPROVEEDOR) values ('OR-152','Expositor Árboles clima continental','Ornamentales','170-200','Viveros EL OASIS','100','6','4');
Insert into PRODUCTOS (CODIGOPRODUCTO,NOMBRE,GAMA,DIMENSIONES,PROVEEDOR,CANTIDADENSTOCK,PRECIOVENTA,PRECIOPROVEEDOR) values ('OR-155','Acer Negundo  ','Ornamentales','200-225','Viveros EL OASIS','100','6','4');
Insert into PRODUCTOS (CODIGOPRODUCTO,NOMBRE,GAMA,DIMENSIONES,PROVEEDOR,CANTIDADENSTOCK,PRECIOVENTA,PRECIOPROVEEDOR) values ('OR-156','Acer platanoides  ','Ornamentales','200-225','Viveros EL OASIS','100','10','8');
Insert into PRODUCTOS (CODIGOPRODUCTO,NOMBRE,GAMA,DIMENSIONES,PROVEEDOR,CANTIDADENSTOCK,PRECIOVENTA,PRECIOPROVEEDOR) values ('OR-157','Acer Pseudoplatanus ','Ornamentales','200-225','Viveros EL OASIS','100','10','8');
Insert into PRODUCTOS (CODIGOPRODUCTO,NOMBRE,GAMA,DIMENSIONES,PROVEEDOR,CANTIDADENSTOCK,PRECIOVENTA,PRECIOPROVEEDOR) values ('OR-159','Brachychiton Discolor  ','Ornamentales','200-225','Viveros EL OASIS','100','6','4');
Insert into PRODUCTOS (CODIGOPRODUCTO,NOMBRE,GAMA,DIMENSIONES,PROVEEDOR,CANTIDADENSTOCK,PRECIOVENTA,PRECIOPROVEEDOR) values ('OR-160','Brachychiton Rupestris','Ornamentales','170-200','Viveros EL OASIS','100','10','8');
Insert into PRODUCTOS (CODIGOPRODUCTO,NOMBRE,GAMA,DIMENSIONES,PROVEEDOR,CANTIDADENSTOCK,PRECIOVENTA,PRECIOPROVEEDOR) values ('OR-186','Sasa palmata ','Ornamentales','20-30','Viveros EL OASIS','80','6','4');
Insert into PRODUCTOS (CODIGOPRODUCTO,NOMBRE,GAMA,DIMENSIONES,PROVEEDOR,CANTIDADENSTOCK,PRECIOVENTA,PRECIOPROVEEDOR) values ('OR-188','Sasa palmata ','Ornamentales','50-60','Viveros EL OASIS','80','25','20');
Insert into PRODUCTOS (CODIGOPRODUCTO,NOMBRE,GAMA,DIMENSIONES,PROVEEDOR,CANTIDADENSTOCK,PRECIOVENTA,PRECIOPROVEEDOR) values ('OR-203','Pinus Canariensis','Ornamentales','80-100','Viveros EL OASIS','80','10','8');
Insert into PRODUCTOS (CODIGOPRODUCTO,NOMBRE,GAMA,DIMENSIONES,PROVEEDOR,CANTIDADENSTOCK,PRECIOVENTA,PRECIOPROVEEDOR) values ('OR-208','Tuja orientalis "Aurea nana"','Ornamentales','20-30','Viveros EL OASIS','80','4','3');
Insert into PRODUCTOS (CODIGOPRODUCTO,NOMBRE,GAMA,DIMENSIONES,PROVEEDOR,CANTIDADENSTOCK,PRECIOVENTA,PRECIOPROVEEDOR) values ('OR-213','Bismarckia Nobilis','Ornamentales','240 - 260','Viveros EL OASIS','4','266','212');
Insert into PRODUCTOS (CODIGOPRODUCTO,NOMBRE,GAMA,DIMENSIONES,PROVEEDOR,CANTIDADENSTOCK,PRECIOVENTA,PRECIOPROVEEDOR) values ('OR-217','Brahea Edulis','Ornamentales','140 - 160','Viveros EL OASIS','100','64','51');
--------------------------------------------------------
--  DDL for Index SYS_C009177
--------------------------------------------------------

  CREATE UNIQUE INDEX "SYS_C009177" ON "PAGOS" ("CODIGOCLIENTE", "IDTRANSACCION") ;
--------------------------------------------------------
--  DDL for Index SYS_C009169
--------------------------------------------------------

  CREATE UNIQUE INDEX "SYS_C009169" ON "DETALLEPEDIDOS" ("CODIGOPEDIDO", "CODIGOPRODUCTO") ;
--------------------------------------------------------
--  DDL for Index SYS_C009148
--------------------------------------------------------

  CREATE UNIQUE INDEX "SYS_C009148" ON "CLIENTES" ("CODIGOCLIENTE") ;
--------------------------------------------------------
--  DDL for Index SYS_C009130
--------------------------------------------------------

  CREATE UNIQUE INDEX "SYS_C009130" ON "OFICINAS" ("CODIGOOFICINA") ;
--------------------------------------------------------
--  DDL for Index SYS_C009137
--------------------------------------------------------

  CREATE UNIQUE INDEX "SYS_C009137" ON "EMPLEADOS" ("CODIGOEMPLEADO") ;
--------------------------------------------------------
--  DDL for Index SYS_C009162
--------------------------------------------------------

  CREATE UNIQUE INDEX "SYS_C009162" ON "PRODUCTOS" ("CODIGOPRODUCTO") ;
--------------------------------------------------------
--  DDL for Index SYS_C009141
--------------------------------------------------------

  CREATE UNIQUE INDEX "SYS_C009141" ON "GAMASPRODUCTOS" ("GAMA") ;
--------------------------------------------------------
--  DDL for Index SYS_C009155
--------------------------------------------------------

  CREATE UNIQUE INDEX "SYS_C009155" ON "PEDIDOS" ("CODIGOPEDIDO") ;
--------------------------------------------------------
--  Constraints for Table EMPLEADOS
--------------------------------------------------------

  ALTER TABLE "EMPLEADOS" ADD PRIMARY KEY ("CODIGOEMPLEADO") ENABLE;
  ALTER TABLE "EMPLEADOS" MODIFY ("CODIGOOFICINA" NOT NULL ENABLE);
  ALTER TABLE "EMPLEADOS" MODIFY ("EMAIL" NOT NULL ENABLE);
  ALTER TABLE "EMPLEADOS" MODIFY ("EXTENSION" NOT NULL ENABLE);
  ALTER TABLE "EMPLEADOS" MODIFY ("APELLIDO1" NOT NULL ENABLE);
  ALTER TABLE "EMPLEADOS" MODIFY ("NOMBRE" NOT NULL ENABLE);
  ALTER TABLE "EMPLEADOS" MODIFY ("CODIGOEMPLEADO" NOT NULL ENABLE);
--------------------------------------------------------
--  Constraints for Table GAMASPRODUCTOS
--------------------------------------------------------

  ALTER TABLE "GAMASPRODUCTOS" ADD PRIMARY KEY ("GAMA") ENABLE;
  ALTER TABLE "GAMASPRODUCTOS" MODIFY ("GAMA" NOT NULL ENABLE);
--------------------------------------------------------
--  Constraints for Table DETALLEPEDIDOS
--------------------------------------------------------

  ALTER TABLE "DETALLEPEDIDOS" ADD PRIMARY KEY ("CODIGOPEDIDO", "CODIGOPRODUCTO") ENABLE;
  ALTER TABLE "DETALLEPEDIDOS" MODIFY ("NUMEROLINEA" NOT NULL ENABLE);
  ALTER TABLE "DETALLEPEDIDOS" MODIFY ("PRECIOUNIDAD" NOT NULL ENABLE);
  ALTER TABLE "DETALLEPEDIDOS" MODIFY ("CANTIDAD" NOT NULL ENABLE);
  ALTER TABLE "DETALLEPEDIDOS" MODIFY ("CODIGOPRODUCTO" NOT NULL ENABLE);
  ALTER TABLE "DETALLEPEDIDOS" MODIFY ("CODIGOPEDIDO" NOT NULL ENABLE);
--------------------------------------------------------
--  Constraints for Table OFICINAS
--------------------------------------------------------

  ALTER TABLE "OFICINAS" ADD PRIMARY KEY ("CODIGOOFICINA") ENABLE;
  ALTER TABLE "OFICINAS" MODIFY ("LINEADIRECCION1" NOT NULL ENABLE);
  ALTER TABLE "OFICINAS" MODIFY ("TELEFONO" NOT NULL ENABLE);
  ALTER TABLE "OFICINAS" MODIFY ("CODIGOPOSTAL" NOT NULL ENABLE);
  ALTER TABLE "OFICINAS" MODIFY ("PAIS" NOT NULL ENABLE);
  ALTER TABLE "OFICINAS" MODIFY ("CIUDAD" NOT NULL ENABLE);
  ALTER TABLE "OFICINAS" MODIFY ("CODIGOOFICINA" NOT NULL ENABLE);
--------------------------------------------------------
--  Constraints for Table PEDIDOS
--------------------------------------------------------

  ALTER TABLE "PEDIDOS" ADD PRIMARY KEY ("CODIGOPEDIDO") ENABLE;
  ALTER TABLE "PEDIDOS" MODIFY ("CODIGOCLIENTE" NOT NULL ENABLE);
  ALTER TABLE "PEDIDOS" MODIFY ("ESTADO" NOT NULL ENABLE);
  ALTER TABLE "PEDIDOS" MODIFY ("FECHAESPERADA" NOT NULL ENABLE);
  ALTER TABLE "PEDIDOS" MODIFY ("FECHAPEDIDO" NOT NULL ENABLE);
  ALTER TABLE "PEDIDOS" MODIFY ("CODIGOPEDIDO" NOT NULL ENABLE);
--------------------------------------------------------
--  Constraints for Table PAGOS
--------------------------------------------------------

  ALTER TABLE "PAGOS" ADD PRIMARY KEY ("CODIGOCLIENTE", "IDTRANSACCION") ENABLE;
  ALTER TABLE "PAGOS" MODIFY ("CANTIDAD" NOT NULL ENABLE);
  ALTER TABLE "PAGOS" MODIFY ("FECHAPAGO" NOT NULL ENABLE);
  ALTER TABLE "PAGOS" MODIFY ("IDTRANSACCION" NOT NULL ENABLE);
  ALTER TABLE "PAGOS" MODIFY ("FORMAPAGO" NOT NULL ENABLE);
  ALTER TABLE "PAGOS" MODIFY ("CODIGOCLIENTE" NOT NULL ENABLE);
--------------------------------------------------------
--  Constraints for Table CLIENTES
--------------------------------------------------------

  ALTER TABLE "CLIENTES" ADD PRIMARY KEY ("CODIGOCLIENTE") ENABLE;
  ALTER TABLE "CLIENTES" MODIFY ("CIUDAD" NOT NULL ENABLE);
  ALTER TABLE "CLIENTES" MODIFY ("LINEADIRECCION" NOT NULL ENABLE);
  ALTER TABLE "CLIENTES" MODIFY ("TELEFONO" NOT NULL ENABLE);
  ALTER TABLE "CLIENTES" MODIFY ("NOMBRECLIENTE" NOT NULL ENABLE);
  ALTER TABLE "CLIENTES" MODIFY ("CODIGOCLIENTE" NOT NULL ENABLE);
--------------------------------------------------------
--  Constraints for Table PRODUCTOS
--------------------------------------------------------

  ALTER TABLE "PRODUCTOS" ADD PRIMARY KEY ("CODIGOPRODUCTO") ENABLE;
  ALTER TABLE "PRODUCTOS" MODIFY ("PRECIOVENTA" NOT NULL ENABLE);
  ALTER TABLE "PRODUCTOS" MODIFY ("CANTIDADENSTOCK" NOT NULL ENABLE);
  ALTER TABLE "PRODUCTOS" MODIFY ("GAMA" NOT NULL ENABLE);
  ALTER TABLE "PRODUCTOS" MODIFY ("NOMBRE" NOT NULL ENABLE);
  ALTER TABLE "PRODUCTOS" MODIFY ("CODIGOPRODUCTO" NOT NULL ENABLE);
--------------------------------------------------------
--  Ref Constraints for Table CLIENTES
--------------------------------------------------------

  ALTER TABLE "CLIENTES" ADD CONSTRAINT "CLIENTES_EMPLEADOSFK" FOREIGN KEY ("CODEMPREP") REFERENCES "EMPLEADOS" ("CODIGOEMPLEADO") ENABLE;
--------------------------------------------------------
--  Ref Constraints for Table DETALLEPEDIDOS
--------------------------------------------------------

  ALTER TABLE "DETALLEPEDIDOS" ADD CONSTRAINT "DETALLEPEDIDOS_PEDIDOFK" FOREIGN KEY ("CODIGOPEDIDO") REFERENCES "PEDIDOS" ("CODIGOPEDIDO") ENABLE;
  ALTER TABLE "DETALLEPEDIDOS" ADD CONSTRAINT "DETALLEPEDIDOS_PRODUCTOFK" FOREIGN KEY ("CODIGOPRODUCTO") REFERENCES "PRODUCTOS" ("CODIGOPRODUCTO") ENABLE;
--------------------------------------------------------
--  Ref Constraints for Table EMPLEADOS
--------------------------------------------------------

  ALTER TABLE "EMPLEADOS" ADD CONSTRAINT "EMPLEADOS_EMPLEADOSFK" FOREIGN KEY ("CODIGOJEFE") REFERENCES "EMPLEADOS" ("CODIGOEMPLEADO") ENABLE;
  ALTER TABLE "EMPLEADOS" ADD CONSTRAINT "EMPLEADOS_OFICINASFK" FOREIGN KEY ("CODIGOOFICINA") REFERENCES "OFICINAS" ("CODIGOOFICINA") ENABLE;
--------------------------------------------------------
--  Ref Constraints for Table PAGOS
--------------------------------------------------------

  ALTER TABLE "PAGOS" ADD CONSTRAINT "PAGOS_CLIENTEFK" FOREIGN KEY ("CODIGOCLIENTE") REFERENCES "CLIENTES" ("CODIGOCLIENTE") ENABLE;
--------------------------------------------------------
--  Ref Constraints for Table PEDIDOS
--------------------------------------------------------

  ALTER TABLE "PEDIDOS" ADD CONSTRAINT "PEDIDOS_CLIENTE" FOREIGN KEY ("CODIGOCLIENTE") REFERENCES "CLIENTES" ("CODIGOCLIENTE") ENABLE;
--------------------------------------------------------
--  Ref Constraints for Table PRODUCTOS
--------------------------------------------------------

  ALTER TABLE "PRODUCTOS" ADD CONSTRAINT "PRODUCTOS_GAMAFK" FOREIGN KEY ("GAMA") REFERENCES "GAMASPRODUCTOS" ("GAMA") ENABLE;
